timestamp,trade_id,state,regime,strike,expiry,realised,unrealised,total
2026-03-03 09:15:05,,FLAT,,,,0.00,0.00,0.00
2026-03-03 09:16:05,,FLAT,,,,0.00,0.00,0.00
2026-03-03 09:17:05,,FLAT,,,,0.00,0.00,0.00
2026-03-03 09:18:05,,FLAT,,,,0.00,0.00,0.00
2026-03-03 09:19:05,,FLAT,,,,0.00,0.00,0.00
2026-03-03 09:20:05,,FLAT,,,,0.00,0.00,0.00
2026-03-03 09:21:05,,FLAT,,,,0.00,0.00,0.00
2026-03-03 09:22:05,,FLAT,,,,0.00,0.00,0.00
2026-03-03 09:23:05,,FLAT,,,,0.00,0.00,0.00
2026-03-03 09:24:05,,FLAT,,,,0.00,0.00,0.00
2026-03-03 09:25:05,,FLAT,,,,0.00,0.00,0.00
2026-03-03 09:26:05,,FLAT,,,,0.00,0.00,0.00
2026-03-03 09:27:05,,FLAT,,,,0.00,0.00,0.00
2026-03-03 09:28:05,,FLAT,,,,0.00,0.00,0.00
2026-03-03 09:29:05,,FLAT,,,,0.00,0.00,0.00
2026-03-03 09:30:05,,FLAT,,,,0.00,0.00,0.00
2026-03-03 09:31:05,,FLAT,,,,0.00,0.00,0.00
2026-03-03 09:32:05,,FLAT,,,,0.00,0.00,0.00
2026-03-03 09:33:05,,FLAT,,,,0.00,0.00,0.00
2026-03-03 09:34:05,,FLAT,,,,0.00,0.00,0.00
2026-03-03 09:35:05,,FLAT,,,,0.00,0.00,0.00
2026-03-03 09:36:05,,FLAT,,,,0.00,0.00,0.00
2026-03-03 09:37:05,,FLAT,,,,0.00,0.00,0.00
2026-03-03 09:38:05,,FLAT,,,,0.00,0.00,0.00
2026-03-03 09:39:05,,FLAT,,,,0.00,0.00,0.00
2026-03-03 09:40:05,,FLAT,,,,0.00,0.00,0.00
2026-03-03 09:41:05,,FLAT,,,,0.00,0.00,0.00
2026-03-03 09:42:05,,FLAT,,,,0.00,0.00,0.00
2026-03-03 09:43:05,,FLAT,,,,0.00,0.00,0.00
2026-03-03 09:44:05,,FLAT,,,,0.00,0.00,0.00
2026-03-03 09:45:05,,FLAT,,,,0.00,0.00,0.00
2026-03-03 09:46:05,,FLAT,,,,0.00,0.00,0.00
2026-03-03 09:47:05,,FLAT,,,,0.00,0.00,0.00
2026-03-03 09:48:05,,FLAT,,,,0.00,0.00,0.00
2026-03-03 09:49:05,,FLAT,,,,0.00,0.00,0.00
2026-03-03 09:50:05,,FLAT,,,,0.00,0.00,0.00
2026-03-03 09:51:05,,FLAT,,,,0.00,0.00,0.00
2026-03-03 09:52:05,,FLAT,,,,0.00,0.00,0.00
2026-03-03 09:53:05,,FLAT,,,,0.00,0.00,0.00
2026-03-03 09:54:05,,FLAT,,,,0.00,0.00,0.00
2026-03-03 09:55:05,,FLAT,,,,0.00,0.00,0.00
2026-03-03 09:56:05,,FLAT,,,,0.00,0.00,0.00
2026-03-03 09:57:05,,FLAT,,,,0.00,0.00,0.00
2026-03-03 09:58:05,,FLAT,,,,0.00,0.00,0.00
2026-03-03 09:59:05,,FLAT,,,,0.00,0.00,0.00
2026-03-03 10:00:05,,FLAT,,,,0.00,0.00,0.00
2026-03-03 10:01:05,,FLAT,,,,0.00,0.00,0.00
2026-03-03 10:02:05,,FLAT,,,,0.00,0.00,0.00
2026-03-03 10:03:05,,FLAT,,,,0.00,0.00,0.00
2026-03-03 10:04:05,,FLAT,,,,0.00,0.00,0.00
2026-03-03 10:05:05,,FLAT,,,,0.00,0.00,0.00
2026-03-03 10:06:05,,FLAT,,,,0.00,0.00,0.00
2026-03-03 10:07:05,,FLAT,,,,0.00,0.00,0.00
2026-03-03 10:08:05,,FLAT,,,,0.00,0.00,0.00
2026-03-03 10:09:05,,FLAT,,,,0.00,0.00,0.00
2026-03-03 10:10:05,,FLAT,,,,0.00,0.00,0.00
2026-03-03 10:11:05,,FLAT,,,,0.00,0.00,0.00
2026-03-03 10:12:05,,FLAT,,,,0.00,0.00,0.00
2026-03-03 10:13:05,,FLAT,,,,0.00,0.00,0.00
2026-03-03 10:14:05,,FLAT,,,,0.00,0.00,0.00
2026-03-03 10:15:05,,FLAT,,,,0.00,0.00,0.00
2026-03-03 10:16:05,,FLAT,,,,0.00,0.00,0.00
2026-03-03 10:17:05,,FLAT,,,,0.00,0.00,0.00
2026-03-03 10:18:05,,FLAT,,,,0.00,0.00,0.00
2026-03-03 10:19:05,,FLAT,,,,0.00,0.00,0.00
2026-03-03 10:20:05,,FLAT,,,,0.00,0.00,0.00
2026-03-03 10:21:05,,FLAT,,,,0.00,0.00,0.00
2026-03-03 10:22:05,,FLAT,,,,0.00,0.00,0.00
2026-03-03 10:23:05,,FLAT,,,,0.00,0.00,0.00
2026-03-03 10:24:05,,FLAT,,,,0.00,0.00,0.00
2026-03-03 10:25:05,,FLAT,,,,0.00,0.00,0.00
2026-03-03 10:26:05,,FLAT,,,,0.00,0.00,0.00
2026-03-03 10:27:05,,FLAT,,,,0.00,0.00,0.00
2026-03-03 10:28:05,,FLAT,,,,0.00,0.00,0.00
2026-03-03 10:29:05,,FLAT,,,,0.00,0.00,0.00
2026-03-03 10:30:05,,FLAT,,,,0.00,0.00,0.00
2026-03-03 10:31:05,,FLAT,,,,0.00,0.00,0.00
2026-03-03 10:32:05,,FLAT,,,,0.00,0.00,0.00
2026-03-03 10:33:05,,FLAT,,,,0.00,0.00,0.00
2026-03-03 10:34:05,,FLAT,,,,0.00,0.00,0.00
2026-03-03 10:35:05,,FLAT,,,,0.00,0.00,0.00
2026-03-03 10:36:05,,FLAT,,,,0.00,0.00,0.00
2026-03-03 10:37:05,,FLAT,,,,0.00,0.00,0.00
2026-03-03 10:38:05,,FLAT,,,,0.00,0.00,0.00
2026-03-03 10:39:05,,FLAT,,,,0.00,0.00,0.00
2026-03-03 10:40:05,,FLAT,,,,0.00,0.00,0.00
2026-03-03 10:41:05,,FLAT,,,,0.00,0.00,0.00
2026-03-03 10:42:05,,FLAT,,,,0.00,0.00,0.00
2026-03-03 10:43:05,,FLAT,,,,0.00,0.00,0.00
2026-03-03 10:44:05,,FLAT,,,,0.00,0.00,0.00
2026-03-03 10:45:05,,FLAT,,,,0.00,0.00,0.00
2026-03-03 10:46:05,,FLAT,,,,0.00,0.00,0.00
2026-03-03 10:47:05,,FLAT,,,,0.00,0.00,0.00
2026-03-03 10:48:05,,FLAT,,,,0.00,0.00,0.00
2026-03-03 10:49:05,,FLAT,,,,0.00,0.00,0.00
2026-03-03 10:50:05,,FLAT,,,,0.00,0.00,0.00
2026-03-03 10:51:05,,FLAT,,,,0.00,0.00,0.00
2026-03-03 10:52:05,,FLAT,,,,0.00,0.00,0.00
2026-03-03 10:53:05,,FLAT,,,,0.00,0.00,0.00
2026-03-03 10:54:05,,FLAT,,,,0.00,0.00,0.00
2026-03-03 10:55:05,,FLAT,,,,0.00,0.00,0.00
2026-03-03 10:56:05,,FLAT,,,,0.00,0.00,0.00
2026-03-03 10:57:05,,FLAT,,,,0.00,0.00,0.00
2026-03-03 10:58:05,,FLAT,,,,0.00,0.00,0.00
2026-03-03 10:59:05,,FLAT,,,,0.00,0.00,0.00
2026-03-03 11:00:05,,FLAT,,,,0.00,0.00,0.00
2026-03-03 11:01:05,,FLAT,,,,0.00,0.00,0.00
2026-03-03 11:02:05,,FLAT,,,,0.00,0.00,0.00
2026-03-03 11:03:05,,FLAT,,,,0.00,0.00,0.00
2026-03-03 11:04:05,,FLAT,,,,0.00,0.00,0.00
2026-03-03 11:05:05,,FLAT,,,,0.00,0.00,0.00
2026-03-03 11:06:05,,FLAT,,,,0.00,0.00,0.00
2026-03-03 11:07:05,,FLAT,,,,0.00,0.00,0.00
2026-03-03 11:08:05,,FLAT,,,,0.00,0.00,0.00
2026-03-03 11:09:05,,FLAT,,,,0.00,0.00,0.00
2026-03-03 11:10:05,,FLAT,,,,0.00,0.00,0.00
2026-03-03 11:11:05,,FLAT,,,,0.00,0.00,0.00
2026-03-03 11:12:05,,FLAT,,,,0.00,0.00,0.00
2026-03-03 11:13:05,,FLAT,,,,0.00,0.00,0.00
2026-03-03 11:14:05,,FLAT,,,,0.00,0.00,0.00
2026-03-03 11:15:05,,FLAT,,,,0.00,0.00,0.00
2026-03-03 11:16:05,,FLAT,,,,0.00,0.00,0.00
2026-03-03 11:17:05,,FLAT,,,,0.00,0.00,0.00
2026-03-03 11:18:05,,FLAT,,,,0.00,0.00,0.00
2026-03-03 11:19:05,,FLAT,,,,0.00,0.00,0.00
2026-03-03 11:20:05,,FLAT,,,,0.00,0.00,0.00
2026-03-03 11:21:05,,FLAT,,,,0.00,0.00,0.00
2026-03-03 11:22:05,,FLAT,,,,0.00,0.00,0.00
2026-03-03 11:23:05,,FLAT,,,,0.00,0.00,0.00
2026-03-03 11:24:05,,FLAT,,,,0.00,0.00,0.00
2026-03-03 11:25:05,,FLAT,,,,0.00,0.00,0.00
2026-03-03 11:26:05,,FLAT,,,,0.00,0.00,0.00
2026-03-03 11:27:05,,FLAT,,,,0.00,0.00,0.00
2026-03-03 11:28:05,,FLAT,,,,0.00,0.00,0.00
2026-03-03 11:29:05,,FLAT,,,,0.00,0.00,0.00
2026-03-03 11:30:05,,FLAT,,,,0.00,0.00,0.00
2026-03-03 11:31:05,,FLAT,,,,0.00,0.00,0.00
2026-03-03 11:32:05,,FLAT,,,,0.00,0.00,0.00
2026-03-03 11:33:05,,FLAT,,,,0.00,0.00,0.00
2026-03-03 11:34:05,,FLAT,,,,0.00,0.00,0.00
2026-03-03 11:35:05,,FLAT,,,,0.00,0.00,0.00
2026-03-03 11:36:05,,FLAT,,,,0.00,0.00,0.00
2026-03-03 11:37:05,,FLAT,,,,0.00,0.00,0.00
2026-03-03 11:38:05,,FLAT,,,,0.00,0.00,0.00
2026-03-03 11:39:05,,FLAT,,,,0.00,0.00,0.00
2026-03-03 11:40:05,,FLAT,,,,0.00,0.00,0.00
2026-03-03 11:41:05,,FLAT,,,,0.00,0.00,0.00
2026-03-03 11:42:05,,FLAT,,,,0.00,0.00,0.00
2026-03-03 11:43:05,,FLAT,,,,0.00,0.00,0.00
2026-03-03 11:44:05,,FLAT,,,,0.00,0.00,0.00
2026-03-03 11:45:05,,FLAT,,,,0.00,0.00,0.00
2026-03-03 11:46:05,,FLAT,,,,0.00,0.00,0.00
2026-03-03 11:47:05,,FLAT,,,,0.00,0.00,0.00
2026-03-03 11:48:05,,FLAT,,,,0.00,0.00,0.00
2026-03-03 11:49:05,,FLAT,,,,0.00,0.00,0.00
2026-03-03 11:50:05,,FLAT,,,,0.00,0.00,0.00
2026-03-03 11:51:05,,FLAT,,,,0.00,0.00,0.00
2026-03-03 11:52:05,,FLAT,,,,0.00,0.00,0.00
2026-03-03 11:53:05,,FLAT,,,,0.00,0.00,0.00
2026-03-03 11:54:05,,FLAT,,,,0.00,0.00,0.00
2026-03-03 11:55:05,,FLAT,,,,0.00,0.00,0.00
2026-03-03 11:56:05,,FLAT,,,,0.00,0.00,0.00
2026-03-03 11:57:05,,FLAT,,,,0.00,0.00,0.00
2026-03-03 11:58:05,,FLAT,,,,0.00,0.00,0.00
2026-03-03 11:59:05,,FLAT,,,,0.00,0.00,0.00
2026-03-03 12:00:05,,FLAT,,,,0.00,0.00,0.00
2026-03-03 12:01:05,,FLAT,,,,0.00,0.00,0.00
2026-03-03 12:02:05,,FLAT,,,,0.00,0.00,0.00
2026-03-03 12:03:05,,FLAT,,,,0.00,0.00,0.00
2026-03-03 12:04:05,,FLAT,,,,0.00,0.00,0.00
2026-03-03 12:05:05,,FLAT,,,,0.00,0.00,0.00
2026-03-03 12:06:05,,FLAT,,,,0.00,0.00,0.00
2026-03-03 12:07:05,,FLAT,,,,0.00,0.00,0.00
2026-03-03 12:08:05,,FLAT,,,,0.00,0.00,0.00
2026-03-03 12:09:05,,FLAT,,,,0.00,0.00,0.00
2026-03-03 12:10:05,,FLAT,,,,0.00,0.00,0.00
2026-03-03 12:11:05,,FLAT,,,,0.00,0.00,0.00
2026-03-03 12:12:05,,FLAT,,,,0.00,0.00,0.00
2026-03-03 12:13:05,,FLAT,,,,0.00,0.00,0.00
2026-03-03 12:14:05,,FLAT,,,,0.00,0.00,0.00
2026-03-03 12:15:05,,FLAT,,,,0.00,0.00,0.00
2026-03-03 12:16:05,,FLAT,,,,0.00,0.00,0.00
2026-03-03 12:17:05,,FLAT,,,,0.00,0.00,0.00
2026-03-03 12:18:05,,FLAT,,,,0.00,0.00,0.00
2026-03-03 12:19:05,,FLAT,,,,0.00,0.00,0.00
2026-03-03 12:20:05,,FLAT,,,,0.00,0.00,0.00
2026-03-03 12:21:05,,FLAT,,,,0.00,0.00,0.00
2026-03-03 12:22:05,,FLAT,,,,0.00,0.00,0.00
2026-03-03 12:23:05,,FLAT,,,,0.00,0.00,0.00
2026-03-03 12:24:05,,FLAT,,,,0.00,0.00,0.00
2026-03-03 12:25:05,,FLAT,,,,0.00,0.00,0.00
2026-03-03 12:26:05,,FLAT,,,,0.00,0.00,0.00
2026-03-03 12:27:05,,FLAT,,,,0.00,0.00,0.00
2026-03-03 12:28:05,,FLAT,,,,0.00,0.00,0.00
2026-03-03 12:29:05,,FLAT,,,,0.00,0.00,0.00
2026-03-03 12:30:05,,FLAT,,,,0.00,0.00,0.00
2026-03-03 12:31:05,,FLAT,,,,0.00,0.00,0.00
2026-03-03 12:32:05,,FLAT,,,,0.00,0.00,0.00
2026-03-03 12:33:05,,FLAT,,,,0.00,0.00,0.00
2026-03-03 12:34:05,,FLAT,,,,0.00,0.00,0.00
2026-03-03 12:35:05,,FLAT,,,,0.00,0.00,0.00
2026-03-03 12:36:05,,FLAT,,,,0.00,0.00,0.00
2026-03-03 12:37:05,,FLAT,,,,0.00,0.00,0.00
2026-03-03 12:38:05,,FLAT,,,,0.00,0.00,0.00
2026-03-03 12:39:05,,FLAT,,,,0.00,0.00,0.00
2026-03-03 12:40:05,,FLAT,,,,0.00,0.00,0.00
2026-03-03 12:41:05,,FLAT,,,,0.00,0.00,0.00
2026-03-03 12:42:05,,FLAT,,,,0.00,0.00,0.00
2026-03-03 12:43:05,,FLAT,,,,0.00,0.00,0.00
2026-03-03 12:44:05,,FLAT,,,,0.00,0.00,0.00
2026-03-03 12:45:05,,FLAT,,,,0.00,0.00,0.00
2026-03-03 12:46:05,,FLAT,,,,0.00,0.00,0.00
2026-03-03 12:47:05,,FLAT,,,,0.00,0.00,0.00
2026-03-03 12:48:05,,FLAT,,,,0.00,0.00,0.00
2026-03-03 12:49:05,,FLAT,,,,0.00,0.00,0.00
2026-03-03 12:50:05,,FLAT,,,,0.00,0.00,0.00
2026-03-03 12:51:05,,FLAT,,,,0.00,0.00,0.00
2026-03-03 12:52:05,,FLAT,,,,0.00,0.00,0.00
2026-03-03 12:53:05,,FLAT,,,,0.00,0.00,0.00
2026-03-03 12:54:05,,FLAT,,,,0.00,0.00,0.00
2026-03-03 12:55:05,,FLAT,,,,0.00,0.00,0.00
2026-03-03 12:56:05,,FLAT,,,,0.00,0.00,0.00
2026-03-03 12:57:05,,FLAT,,,,0.00,0.00,0.00
2026-03-03 12:58:05,,FLAT,,,,0.00,0.00,0.00
2026-03-03 12:59:05,,FLAT,,,,0.00,0.00,0.00
2026-03-03 13:00:05,,FLAT,,,,0.00,0.00,0.00
2026-03-03 13:01:05,,FLAT,,,,0.00,0.00,0.00
2026-03-03 13:02:05,,FLAT,,,,0.00,0.00,0.00
2026-03-03 13:03:05,,FLAT,,,,0.00,0.00,0.00
2026-03-03 13:04:05,,FLAT,,,,0.00,0.00,0.00
2026-03-03 13:05:05,,FLAT,,,,0.00,0.00,0.00
2026-03-03 13:06:05,,FLAT,,,,0.00,0.00,0.00
2026-03-03 13:07:05,,FLAT,,,,0.00,0.00,0.00
2026-03-03 13:08:05,,FLAT,,,,0.00,0.00,0.00
2026-03-03 13:09:05,,FLAT,,,,0.00,0.00,0.00
2026-03-03 13:10:05,,FLAT,,,,0.00,0.00,0.00
2026-03-03 13:11:05,,FLAT,,,,0.00,0.00,0.00
2026-03-03 13:12:05,,FLAT,,,,0.00,0.00,0.00
2026-03-03 13:13:05,,FLAT,,,,0.00,0.00,0.00
2026-03-03 13:14:05,,FLAT,,,,0.00,0.00,0.00
2026-03-03 13:15:05,,FLAT,,,,0.00,0.00,0.00
2026-03-03 13:16:05,,FLAT,,,,0.00,0.00,0.00
2026-03-03 13:17:05,,FLAT,,,,0.00,0.00,0.00
2026-03-03 13:18:05,,FLAT,,,,0.00,0.00,0.00
2026-03-03 13:19:05,,FLAT,,,,0.00,0.00,0.00
2026-03-03 13:20:05,,FLAT,,,,0.00,0.00,0.00
2026-03-03 13:21:05,,FLAT,,,,0.00,0.00,0.00
2026-03-03 13:22:05,,FLAT,,,,0.00,0.00,0.00
2026-03-03 13:23:05,,FLAT,,,,0.00,0.00,0.00
2026-03-03 13:24:05,,FLAT,,,,0.00,0.00,0.00
2026-03-03 13:25:05,,FLAT,,,,0.00,0.00,0.00
2026-03-03 13:26:05,,FLAT,,,,0.00,0.00,0.00
2026-03-03 13:27:05,,FLAT,,,,0.00,0.00,0.00
2026-03-03 13:28:05,,FLAT,,,,0.00,0.00,0.00
2026-03-03 13:29:05,,FLAT,,,,0.00,0.00,0.00
2026-03-03 13:30:05,,FLAT,,,,0.00,0.00,0.00
2026-03-03 13:31:05,,FLAT,,,,0.00,0.00,0.00
2026-03-03 13:32:05,,FLAT,,,,0.00,0.00,0.00
2026-03-03 13:33:05,,FLAT,,,,0.00,0.00,0.00
2026-03-03 13:34:05,,FLAT,,,,0.00,0.00,0.00
2026-03-03 13:35:05,,FLAT,,,,0.00,0.00,0.00
2026-03-03 13:36:05,,FLAT,,,,0.00,0.00,0.00
2026-03-03 13:37:05,,FLAT,,,,0.00,0.00,0.00
2026-03-03 13:38:05,,FLAT,,,,0.00,0.00,0.00
2026-03-03 13:39:05,,FLAT,,,,0.00,0.00,0.00
2026-03-03 13:40:05,,FLAT,,,,0.00,0.00,0.00
2026-03-03 13:41:05,,FLAT,,,,0.00,0.00,0.00
2026-03-03 13:42:05,,FLAT,,,,0.00,0.00,0.00
2026-03-03 13:43:05,,FLAT,,,,0.00,0.00,0.00
2026-03-03 13:44:05,,FLAT,,,,0.00,0.00,0.00
2026-03-03 13:45:05,,FLAT,,,,0.00,0.00,0.00
2026-03-03 13:46:05,,FLAT,,,,0.00,0.00,0.00
2026-03-03 13:47:05,,FLAT,,,,0.00,0.00,0.00
2026-03-03 13:48:05,,FLAT,,,,0.00,0.00,0.00
2026-03-03 13:49:05,,FLAT,,,,0.00,0.00,0.00
2026-03-03 13:50:05,,FLAT,,,,0.00,0.00,0.00
2026-03-03 13:51:05,,FLAT,,,,0.00,0.00,0.00
2026-03-03 13:52:05,,FLAT,,,,0.00,0.00,0.00
2026-03-03 13:53:05,,FLAT,,,,0.00,0.00,0.00
2026-03-03 13:54:05,,FLAT,,,,0.00,0.00,0.00
2026-03-03 13:55:05,,FLAT,,,,0.00,0.00,0.00
2026-03-03 13:56:05,,FLAT,,,,0.00,0.00,0.00
2026-03-03 13:57:05,,FLAT,,,,0.00,0.00,0.00
2026-03-03 13:58:05,,FLAT,,,,0.00,0.00,0.00
2026-03-03 13:59:05,,FLAT,,,,0.00,0.00,0.00
2026-03-03 14:00:05,,FLAT,,,,0.00,0.00,0.00
2026-03-03 14:01:05,,FLAT,,,,0.00,0.00,0.00
2026-03-03 14:02:05,,FLAT,,,,0.00,0.00,0.00
2026-03-03 14:03:05,,FLAT,,,,0.00,0.00,0.00
2026-03-03 14:04:05,,FLAT,,,,0.00,0.00,0.00
2026-03-03 14:05:05,,FLAT,,,,0.00,0.00,0.00
2026-03-03 14:06:05,,FLAT,,,,0.00,0.00,0.00
2026-03-03 14:07:05,,FLAT,,,,0.00,0.00,0.00
2026-03-03 14:08:05,,FLAT,,,,0.00,0.00,0.00
2026-03-03 14:09:05,,FLAT,,,,0.00,0.00,0.00
2026-03-03 14:10:05,,FLAT,,,,0.00,0.00,0.00
2026-03-03 14:11:05,,FLAT,,,,0.00,0.00,0.00
2026-03-03 14:12:05,,FLAT,,,,0.00,0.00,0.00
2026-03-03 14:13:05,,FLAT,,,,0.00,0.00,0.00
2026-03-03 14:14:05,,FLAT,,,,0.00,0.00,0.00
2026-03-03 14:15:05,,FLAT,,,,0.00,0.00,0.00
2026-03-03 14:16:05,,FLAT,,,,0.00,0.00,0.00
2026-03-03 14:17:05,,FLAT,,,,0.00,0.00,0.00
2026-03-03 14:18:05,,FLAT,,,,0.00,0.00,0.00
2026-03-03 14:19:05,,FLAT,,,,0.00,0.00,0.00
2026-03-03 14:20:05,,FLAT,,,,0.00,0.00,0.00
2026-03-03 14:21:05,,FLAT,,,,0.00,0.00,0.00
2026-03-03 14:22:05,,FLAT,,,,0.00,0.00,0.00
2026-03-03 14:23:05,,FLAT,,,,0.00,0.00,0.00
2026-03-03 14:24:05,,FLAT,,,,0.00,0.00,0.00
2026-03-03 14:25:05,,FLAT,,,,0.00,0.00,0.00
2026-03-03 14:26:05,,FLAT,,,,0.00,0.00,0.00
2026-03-03 14:27:05,,FLAT,,,,0.00,0.00,0.00
2026-03-03 14:28:05,,FLAT,,,,0.00,0.00,0.00
2026-03-03 14:29:05,,FLAT,,,,0.00,0.00,0.00
2026-03-03 14:30:05,,FLAT,,,,0.00,0.00,0.00
2026-03-03 14:31:05,,FLAT,,,,0.00,0.00,0.00
2026-03-03 14:32:05,,FLAT,,,,0.00,0.00,0.00
2026-03-03 14:33:05,,FLAT,,,,0.00,0.00,0.00
2026-03-03 14:34:05,,FLAT,,,,0.00,0.00,0.00
2026-03-03 14:35:05,,FLAT,,,,0.00,0.00,0.00
2026-03-03 14:36:05,,FLAT,,,,0.00,0.00,0.00
2026-03-03 14:37:05,,FLAT,,,,0.00,0.00,0.00
2026-03-03 14:38:05,,FLAT,,,,0.00,0.00,0.00
2026-03-03 14:39:05,,FLAT,,,,0.00,0.00,0.00
2026-03-03 14:40:05,,FLAT,,,,0.00,0.00,0.00
2026-03-03 14:41:05,,FLAT,,,,0.00,0.00,0.00
2026-03-03 14:42:05,,FLAT,,,,0.00,0.00,0.00
2026-03-03 14:43:05,,FLAT,,,,0.00,0.00,0.00
2026-03-03 14:44:05,,FLAT,,,,0.00,0.00,0.00
2026-03-03 14:45:05,,FLAT,,,,0.00,0.00,0.00
2026-03-03 14:46:05,,FLAT,,,,0.00,0.00,0.00
2026-03-03 14:47:05,,FLAT,,,,0.00,0.00,0.00
2026-03-03 14:48:05,,FLAT,,,,0.00,0.00,0.00
2026-03-03 14:49:05,,FLAT,,,,0.00,0.00,0.00
2026-03-03 14:50:05,,FLAT,,,,0.00,0.00,0.00
2026-03-03 14:51:05,,FLAT,,,,0.00,0.00,0.00
2026-03-03 14:52:05,,FLAT,,,,0.00,0.00,0.00
2026-03-03 14:53:05,,FLAT,,,,0.00,0.00,0.00
2026-03-03 14:54:05,,FLAT,,,,0.00,0.00,0.00
2026-03-03 14:55:05,,FLAT,,,,0.00,0.00,0.00
2026-03-03 14:56:05,,FLAT,,,,0.00,0.00,0.00
2026-03-03 14:57:05,,FLAT,,,,0.00,0.00,0.00
2026-03-03 14:58:05,,FLAT,,,,0.00,0.00,0.00
2026-03-03 14:59:05,,FLAT,,,,0.00,0.00,0.00
2026-03-03 15:00:05,,FLAT,,,,0.00,0.00,0.00
2026-03-03 15:01:05,,FLAT,,,,0.00,0.00,0.00
2026-03-03 15:02:05,,FLAT,,,,0.00,0.00,0.00
2026-03-03 15:03:05,,FLAT,,,,0.00,0.00,0.00
2026-03-03 15:04:05,,FLAT,,,,0.00,0.00,0.00
2026-03-03 15:05:05,,FLAT,,,,0.00,0.00,0.00
2026-03-03 15:06:05,,FLAT,,,,0.00,0.00,0.00
2026-03-03 15:07:05,,FLAT,,,,0.00,0.00,0.00
2026-03-03 15:08:05,,FLAT,,,,0.00,0.00,0.00
2026-03-03 15:09:05,,FLAT,,,,0.00,0.00,0.00
2026-03-03 15:10:05,,FLAT,,,,0.00,0.00,0.00
2026-03-03 15:11:05,,FLAT,,,,0.00,0.00,0.00
2026-03-03 15:12:05,,FLAT,,,,0.00,0.00,0.00
2026-03-03 15:13:05,,FLAT,,,,0.00,0.00,0.00
2026-03-03 15:14:05,,FLAT,,,,0.00,0.00,0.00
2026-03-03 15:15:05,,FLAT,,,,0.00,0.00,0.00
2026-03-03 15:16:05,,FLAT,,,,0.00,0.00,0.00
2026-03-03 15:17:05,,FLAT,,,,0.00,0.00,0.00
2026-03-03 15:18:05,,FLAT,,,,0.00,0.00,0.00
2026-03-03 15:19:05,,FLAT,,,,0.00,0.00,0.00
2026-03-03 15:20:05,,FLAT,,,,0.00,0.00,0.00
2026-03-03 15:21:05,,FLAT,,,,0.00,0.00,0.00
2026-03-03 15:22:05,,FLAT,,,,0.00,0.00,0.00
2026-03-03 15:23:05,,FLAT,,,,0.00,0.00,0.00
2026-03-03 15:24:05,,FLAT,,,,0.00,0.00,0.00
2026-03-03 15:25:05,,FLAT,,,,0.00,0.00,0.00
2026-03-03 15:26:05,,FLAT,,,,0.00,0.00,0.00
2026-03-03 15:27:05,,FLAT,,,,0.00,0.00,0.00
2026-03-03 15:28:05,,FLAT,,,,0.00,0.00,0.00
2026-03-03 15:29:05,,FLAT,,,,0.00,0.00,0.00
2026-03-03 15:30:05,,FLAT,,,,0.00,0.00,0.00
2026-03-04 09:15:05,,FLAT,,,,0.00,0.00,0.00
2026-03-04 09:16:05,,FLAT,,,,0.00,0.00,0.00
2026-03-04 09:17:05,,FLAT,,,,0.00,0.00,0.00
2026-03-04 09:18:05,,FLAT,,,,0.00,0.00,0.00
2026-03-04 09:19:05,,FLAT,,,,0.00,0.00,0.00
2026-03-04 09:20:05,,FLAT,,,,0.00,0.00,0.00
2026-03-04 09:21:05,,FLAT,,,,0.00,0.00,0.00
2026-03-04 09:22:05,,FLAT,,,,0.00,0.00,0.00
2026-03-04 09:23:05,,FLAT,,,,0.00,0.00,0.00
2026-03-04 09:24:05,,FLAT,,,,0.00,0.00,0.00
2026-03-04 09:25:05,,FLAT,,,,0.00,0.00,0.00
2026-03-04 09:26:05,,FLAT,,,,0.00,0.00,0.00
2026-03-04 09:27:05,,FLAT,,,,0.00,0.00,0.00
2026-03-04 09:28:05,,FLAT,,,,0.00,0.00,0.00
2026-03-04 09:29:05,,FLAT,,,,0.00,0.00,0.00
2026-03-04 09:30:05,,FLAT,,,,0.00,0.00,0.00
2026-03-04 09:31:05,,FLAT,,,,0.00,0.00,0.00
2026-03-04 09:32:05,,FLAT,,,,0.00,0.00,0.00
2026-03-04 09:33:05,,FLAT,,,,0.00,0.00,0.00
2026-03-04 09:34:05,,FLAT,,,,0.00,0.00,0.00
2026-03-04 09:35:05,,FLAT,,,,0.00,0.00,0.00
2026-03-04 09:36:05,,FLAT,,,,0.00,0.00,0.00
2026-03-04 09:37:05,,FLAT,,,,0.00,0.00,0.00
2026-03-04 09:38:05,,FLAT,,,,0.00,0.00,0.00
2026-03-04 09:39:05,,FLAT,,,,0.00,0.00,0.00
2026-03-04 09:40:05,,FLAT,,,,0.00,0.00,0.00
2026-03-04 09:41:05,,FLAT,,,,0.00,0.00,0.00
2026-03-04 09:42:05,,FLAT,,,,0.00,0.00,0.00
2026-03-04 09:43:05,,FLAT,,,,0.00,0.00,0.00
2026-03-04 09:44:05,,FLAT,,,,0.00,0.00,0.00
2026-03-04 09:45:05,,FLAT,,,,0.00,0.00,0.00
2026-03-04 09:46:05,,FLAT,,,,0.00,0.00,0.00
2026-03-04 09:47:05,,FLAT,,,,0.00,0.00,0.00
2026-03-04 09:48:05,,FLAT,,,,0.00,0.00,0.00
2026-03-04 09:49:05,,FLAT,,,,0.00,0.00,0.00
2026-03-04 09:50:05,,FLAT,,,,0.00,0.00,0.00
2026-03-04 09:51:05,,FLAT,,,,0.00,0.00,0.00
2026-03-04 09:52:05,,FLAT,,,,0.00,0.00,0.00
2026-03-04 09:53:05,,FLAT,,,,0.00,0.00,0.00
2026-03-04 09:54:05,,FLAT,,,,0.00,0.00,0.00
2026-03-04 09:55:05,,FLAT,,,,0.00,0.00,0.00
2026-03-04 09:56:05,,FLAT,,,,0.00,0.00,0.00
2026-03-04 09:57:05,,FLAT,,,,0.00,0.00,0.00
2026-03-04 09:58:05,,FLAT,,,,0.00,0.00,0.00
2026-03-04 09:59:05,,FLAT,,,,0.00,0.00,0.00
2026-03-04 10:00:05,,FLAT,,,,0.00,0.00,0.00
2026-03-04 10:01:05,,FLAT,,,,0.00,0.00,0.00
2026-03-04 10:02:05,,FLAT,,,,0.00,0.00,0.00
2026-03-04 10:03:05,,FLAT,,,,0.00,0.00,0.00
2026-03-04 10:04:05,,FLAT,,,,0.00,0.00,0.00
2026-03-04 10:05:05,,FLAT,,,,0.00,0.00,0.00
2026-03-04 10:06:05,,FLAT,,,,0.00,0.00,0.00
2026-03-04 10:07:05,,FLAT,,,,0.00,0.00,0.00
2026-03-04 10:08:05,,FLAT,,,,0.00,0.00,0.00
2026-03-04 10:09:05,,FLAT,,,,0.00,0.00,0.00
2026-03-04 10:10:05,,FLAT,,,,0.00,0.00,0.00
2026-03-04 10:11:05,,FLAT,,,,0.00,0.00,0.00
2026-03-04 10:12:05,,FLAT,,,,0.00,0.00,0.00
2026-03-04 10:13:05,,FLAT,,,,0.00,0.00,0.00
2026-03-04 10:14:05,,FLAT,,,,0.00,0.00,0.00
2026-03-04 10:15:05,,FLAT,,,,0.00,0.00,0.00
2026-03-04 10:16:05,,FLAT,,,,0.00,0.00,0.00
2026-03-04 10:17:05,,FLAT,,,,0.00,0.00,0.00
2026-03-04 10:18:05,,FLAT,,,,0.00,0.00,0.00
2026-03-04 10:19:05,,FLAT,,,,0.00,0.00,0.00
2026-03-04 10:20:05,,FLAT,,,,0.00,0.00,0.00
2026-03-04 10:21:05,,FLAT,,,,0.00,0.00,0.00
2026-03-04 10:22:05,,FLAT,,,,0.00,0.00,0.00
2026-03-04 10:23:05,,FLAT,,,,0.00,0.00,0.00
2026-03-04 10:24:05,,FLAT,,,,0.00,0.00,0.00
2026-03-04 10:25:05,,FLAT,,,,0.00,0.00,0.00
2026-03-04 10:26:05,,FLAT,,,,0.00,0.00,0.00
2026-03-04 10:27:05,,FLAT,,,,0.00,0.00,0.00
2026-03-04 10:28:05,,FLAT,,,,0.00,0.00,0.00
2026-03-04 10:29:05,,FLAT,,,,0.00,0.00,0.00
2026-03-04 10:30:05,,FLAT,,,,0.00,0.00,0.00
2026-03-04 10:31:05,,FLAT,,,,0.00,0.00,0.00
2026-03-04 10:32:05,,FLAT,,,,0.00,0.00,0.00
2026-03-04 10:33:05,,FLAT,,,,0.00,0.00,0.00
2026-03-04 10:34:05,,FLAT,,,,0.00,0.00,0.00
2026-03-04 10:35:05,,FLAT,,,,0.00,0.00,0.00
2026-03-04 10:36:05,,FLAT,,,,0.00,0.00,0.00
2026-03-04 10:37:05,,FLAT,,,,0.00,0.00,0.00
2026-03-04 10:38:05,,FLAT,,,,0.00,0.00,0.00
2026-03-04 10:39:05,,FLAT,,,,0.00,0.00,0.00
2026-03-04 10:40:05,,FLAT,,,,0.00,0.00,0.00
2026-03-04 10:41:05,,FLAT,,,,0.00,0.00,0.00
2026-03-04 10:42:05,,FLAT,,,,0.00,0.00,0.00
2026-03-04 10:43:05,,FLAT,,,,0.00,0.00,0.00
2026-03-04 10:44:05,,FLAT,,,,0.00,0.00,0.00
2026-03-04 10:45:05,,FLAT,,,,0.00,0.00,0.00
2026-03-04 10:46:05,,FLAT,,,,0.00,0.00,0.00
2026-03-04 10:47:05,,FLAT,,,,0.00,0.00,0.00
2026-03-04 10:48:05,,FLAT,,,,0.00,0.00,0.00
2026-03-04 10:49:05,,FLAT,,,,0.00,0.00,0.00
2026-03-04 10:50:05,,FLAT,,,,0.00,0.00,0.00
2026-03-04 10:51:05,,FLAT,,,,0.00,0.00,0.00
2026-03-04 10:52:05,,FLAT,,,,0.00,0.00,0.00
2026-03-04 10:53:05,,FLAT,,,,0.00,0.00,0.00
2026-03-04 10:54:05,,FLAT,,,,0.00,0.00,0.00
2026-03-04 10:55:05,,FLAT,,,,0.00,0.00,0.00
2026-03-04 10:56:05,,FLAT,,,,0.00,0.00,0.00
2026-03-04 10:57:05,,FLAT,,,,0.00,0.00,0.00
2026-03-04 10:58:05,,FLAT,,,,0.00,0.00,0.00
2026-03-04 10:59:05,,FLAT,,,,0.00,0.00,0.00
2026-03-04 11:00:05,,FLAT,,,,0.00,0.00,0.00
2026-03-04 11:01:05,,FLAT,,,,0.00,0.00,0.00
2026-03-04 11:02:05,,FLAT,,,,0.00,0.00,0.00
2026-03-04 11:03:05,,FLAT,,,,0.00,0.00,0.00
2026-03-04 11:04:05,,FLAT,,,,0.00,0.00,0.00
2026-03-04 11:05:05,,FLAT,,,,0.00,0.00,0.00
2026-03-04 11:06:05,,FLAT,,,,0.00,0.00,0.00
2026-03-04 11:07:05,,FLAT,,,,0.00,0.00,0.00
2026-03-04 11:08:05,,FLAT,,,,0.00,0.00,0.00
2026-03-04 11:09:05,,FLAT,,,,0.00,0.00,0.00
2026-03-04 11:10:05,,FLAT,,,,0.00,0.00,0.00
2026-03-04 11:11:05,,FLAT,,,,0.00,0.00,0.00
2026-03-04 11:12:05,,FLAT,,,,0.00,0.00,0.00
2026-03-04 11:13:05,,FLAT,,,,0.00,0.00,0.00
2026-03-04 11:14:05,,FLAT,,,,0.00,0.00,0.00
2026-03-04 11:15:05,,FLAT,,,,0.00,0.00,0.00
2026-03-04 11:16:05,,FLAT,,,,0.00,0.00,0.00
2026-03-04 11:17:05,,FLAT,,,,0.00,0.00,0.00
2026-03-04 11:18:05,,FLAT,,,,0.00,0.00,0.00
2026-03-04 11:19:05,,FLAT,,,,0.00,0.00,0.00
2026-03-04 11:20:05,,FLAT,,,,0.00,0.00,0.00
2026-03-04 11:21:05,,FLAT,,,,0.00,0.00,0.00
2026-03-04 11:22:05,,FLAT,,,,0.00,0.00,0.00
2026-03-04 11:23:05,,FLAT,,,,0.00,0.00,0.00
2026-03-04 11:24:05,,FLAT,,,,0.00,0.00,0.00
2026-03-04 11:25:05,,FLAT,,,,0.00,0.00,0.00
2026-03-04 11:26:05,,FLAT,,,,0.00,0.00,0.00
2026-03-04 11:27:05,,FLAT,,,,0.00,0.00,0.00
2026-03-04 11:28:05,,FLAT,,,,0.00,0.00,0.00
2026-03-04 11:29:05,,FLAT,,,,0.00,0.00,0.00
2026-03-04 11:30:05,,FLAT,,,,0.00,0.00,0.00
2026-03-04 11:31:05,,FLAT,,,,0.00,0.00,0.00
2026-03-04 11:32:05,,FLAT,,,,0.00,0.00,0.00
2026-03-04 11:33:05,,FLAT,,,,0.00,0.00,0.00
2026-03-04 11:34:05,,FLAT,,,,0.00,0.00,0.00
2026-03-04 11:35:05,,FLAT,,,,0.00,0.00,0.00
2026-03-04 11:36:05,,FLAT,,,,0.00,0.00,0.00
2026-03-04 11:37:05,,FLAT,,,,0.00,0.00,0.00
2026-03-04 11:38:05,,FLAT,,,,0.00,0.00,0.00
2026-03-04 11:39:05,,FLAT,,,,0.00,0.00,0.00
2026-03-04 11:40:05,,FLAT,,,,0.00,0.00,0.00
2026-03-04 11:41:05,,FLAT,,,,0.00,0.00,0.00
2026-03-04 11:42:05,,FLAT,,,,0.00,0.00,0.00
2026-03-04 11:43:05,,FLAT,,,,0.00,0.00,0.00
2026-03-04 11:44:05,,FLAT,,,,0.00,0.00,0.00
2026-03-04 11:45:05,,FLAT,,,,0.00,0.00,0.00
2026-03-04 11:46:05,,FLAT,,,,0.00,0.00,0.00
2026-03-04 11:47:05,,FLAT,,,,0.00,0.00,0.00
2026-03-04 11:48:05,,FLAT,,,,0.00,0.00,0.00
2026-03-04 11:49:05,,FLAT,,,,0.00,0.00,0.00
2026-03-04 11:50:05,,FLAT,,,,0.00,0.00,0.00
2026-03-04 11:51:05,,FLAT,,,,0.00,0.00,0.00
2026-03-04 11:52:05,,FLAT,,,,0.00,0.00,0.00
2026-03-04 11:53:05,,FLAT,,,,0.00,0.00,0.00
2026-03-04 11:54:05,,FLAT,,,,0.00,0.00,0.00
2026-03-04 11:55:05,,FLAT,,,,0.00,0.00,0.00
2026-03-04 11:56:05,,FLAT,,,,0.00,0.00,0.00
2026-03-04 11:57:05,,FLAT,,,,0.00,0.00,0.00
2026-03-04 11:58:05,,FLAT,,,,0.00,0.00,0.00
2026-03-04 11:59:05,,FLAT,,,,0.00,0.00,0.00
2026-03-04 12:00:05,,FLAT,,,,0.00,0.00,0.00
2026-03-04 12:01:05,,FLAT,,,,0.00,0.00,0.00
2026-03-04 12:02:05,,FLAT,,,,0.00,0.00,0.00
2026-03-04 12:03:05,,FLAT,,,,0.00,0.00,0.00
2026-03-04 12:04:05,,FLAT,,,,0.00,0.00,0.00
2026-03-04 12:05:05,,FLAT,,,,0.00,0.00,0.00
2026-03-04 12:06:05,,FLAT,,,,0.00,0.00,0.00
2026-03-04 12:07:05,,FLAT,,,,0.00,0.00,0.00
2026-03-04 12:08:05,,FLAT,,,,0.00,0.00,0.00
2026-03-04 12:09:05,,FLAT,,,,0.00,0.00,0.00
2026-03-04 12:10:05,,FLAT,,,,0.00,0.00,0.00
2026-03-04 12:11:05,,FLAT,,,,0.00,0.00,0.00
2026-03-04 12:12:05,,FLAT,,,,0.00,0.00,0.00
2026-03-04 12:13:05,,FLAT,,,,0.00,0.00,0.00
2026-03-04 12:14:05,,FLAT,,,,0.00,0.00,0.00
2026-03-04 12:15:05,,FLAT,,,,0.00,0.00,0.00
2026-03-04 12:16:05,,FLAT,,,,0.00,0.00,0.00
2026-03-04 12:17:05,,FLAT,,,,0.00,0.00,0.00
2026-03-04 12:18:05,,FLAT,,,,0.00,0.00,0.00
2026-03-04 12:19:05,,FLAT,,,,0.00,0.00,0.00
2026-03-04 12:20:05,,FLAT,,,,0.00,0.00,0.00
2026-03-04 12:21:05,,FLAT,,,,0.00,0.00,0.00
2026-03-04 12:22:05,,FLAT,,,,0.00,0.00,0.00
2026-03-04 12:23:05,,FLAT,,,,0.00,0.00,0.00
2026-03-04 12:24:05,,FLAT,,,,0.00,0.00,0.00
2026-03-04 12:25:05,,FLAT,,,,0.00,0.00,0.00
2026-03-04 12:26:05,,FLAT,,,,0.00,0.00,0.00
2026-03-04 12:27:05,,FLAT,,,,0.00,0.00,0.00
2026-03-04 12:28:05,,FLAT,,,,0.00,0.00,0.00
2026-03-04 12:29:05,,FLAT,,,,0.00,0.00,0.00
2026-03-04 12:30:05,,FLAT,,,,0.00,0.00,0.00
2026-03-04 12:31:05,,FLAT,,,,0.00,0.00,0.00
2026-03-04 12:32:05,,FLAT,,,,0.00,0.00,0.00
2026-03-04 12:33:05,,FLAT,,,,0.00,0.00,0.00
2026-03-04 12:34:05,,FLAT,,,,0.00,0.00,0.00
2026-03-04 12:35:05,,FLAT,,,,0.00,0.00,0.00
2026-03-04 12:36:05,,FLAT,,,,0.00,0.00,0.00
2026-03-04 12:37:05,,FLAT,,,,0.00,0.00,0.00
2026-03-04 12:38:05,,FLAT,,,,0.00,0.00,0.00
2026-03-04 12:39:05,,FLAT,,,,0.00,0.00,0.00
2026-03-04 12:40:05,,FLAT,,,,0.00,0.00,0.00
2026-03-04 12:41:05,,FLAT,,,,0.00,0.00,0.00
2026-03-04 12:42:05,,FLAT,,,,0.00,0.00,0.00
2026-03-04 12:43:05,,FLAT,,,,0.00,0.00,0.00
2026-03-04 12:44:05,,FLAT,,,,0.00,0.00,0.00
2026-03-04 12:45:05,,FLAT,,,,0.00,0.00,0.00
2026-03-04 12:46:05,,FLAT,,,,0.00,0.00,0.00
2026-03-04 12:47:05,,FLAT,,,,0.00,0.00,0.00
2026-03-04 12:48:05,,FLAT,,,,0.00,0.00,0.00
2026-03-04 12:49:05,,FLAT,,,,0.00,0.00,0.00
2026-03-04 12:50:05,,FLAT,,,,0.00,0.00,0.00
2026-03-04 12:51:05,,FLAT,,,,0.00,0.00,0.00
2026-03-04 12:52:05,,FLAT,,,,0.00,0.00,0.00
2026-03-04 12:53:05,,FLAT,,,,0.00,0.00,0.00
2026-03-04 12:54:05,,FLAT,,,,0.00,0.00,0.00
2026-03-04 12:55:05,,FLAT,,,,0.00,0.00,0.00
2026-03-04 12:56:05,,FLAT,,,,0.00,0.00,0.00
2026-03-04 12:57:05,,FLAT,,,,0.00,0.00,0.00
2026-03-04 12:58:05,,FLAT,,,,0.00,0.00,0.00
2026-03-04 12:59:05,,FLAT,,,,0.00,0.00,0.00
2026-03-04 13:00:05,,FLAT,,,,0.00,0.00,0.00
2026-03-04 13:01:05,,FLAT,,,,0.00,0.00,0.00
2026-03-04 13:02:05,,FLAT,,,,0.00,0.00,0.00
2026-03-04 13:03:05,,FLAT,,,,0.00,0.00,0.00
2026-03-04 13:04:05,,FLAT,,,,0.00,0.00,0.00
2026-03-04 13:05:05,,FLAT,,,,0.00,0.00,0.00
2026-03-04 13:06:05,,FLAT,,,,0.00,0.00,0.00
2026-03-04 13:07:05,,FLAT,,,,0.00,0.00,0.00
2026-03-04 13:08:05,,FLAT,,,,0.00,0.00,0.00
2026-03-04 13:09:05,,FLAT,,,,0.00,0.00,0.00
2026-03-04 13:10:05,,FLAT,,,,0.00,0.00,0.00
2026-03-04 13:11:05,,FLAT,,,,0.00,0.00,0.00
2026-03-04 13:12:05,,FLAT,,,,0.00,0.00,0.00
2026-03-04 13:13:05,,FLAT,,,,0.00,0.00,0.00
2026-03-04 13:14:05,,FLAT,,,,0.00,0.00,0.00
2026-03-04 13:15:05,,FLAT,,,,0.00,0.00,0.00
2026-03-04 13:16:05,,FLAT,,,,0.00,0.00,0.00
2026-03-04 13:17:05,,FLAT,,,,0.00,0.00,0.00
2026-03-04 13:18:05,,FLAT,,,,0.00,0.00,0.00
2026-03-04 13:19:05,,FLAT,,,,0.00,0.00,0.00
2026-03-04 13:20:05,,FLAT,,,,0.00,0.00,0.00
2026-03-04 13:21:05,,FLAT,,,,0.00,0.00,0.00
2026-03-04 13:22:05,,FLAT,,,,0.00,0.00,0.00
2026-03-04 13:23:05,,FLAT,,,,0.00,0.00,0.00
2026-03-04 13:24:05,,FLAT,,,,0.00,0.00,0.00
2026-03-04 13:25:05,,FLAT,,,,0.00,0.00,0.00
2026-03-04 13:26:05,,FLAT,,,,0.00,0.00,0.00
2026-03-04 13:27:05,,FLAT,,,,0.00,0.00,0.00
2026-03-04 13:28:05,,FLAT,,,,0.00,0.00,0.00
2026-03-04 13:29:05,,FLAT,,,,0.00,0.00,0.00
2026-03-04 13:30:05,,FLAT,,,,0.00,0.00,0.00
2026-03-04 13:31:05,,FLAT,,,,0.00,0.00,0.00
2026-03-04 13:32:05,,FLAT,,,,0.00,0.00,0.00
2026-03-04 13:33:05,,FLAT,,,,0.00,0.00,0.00
2026-03-04 13:34:05,,FLAT,,,,0.00,0.00,0.00
2026-03-04 13:35:05,,FLAT,,,,0.00,0.00,0.00
2026-03-04 13:36:05,,FLAT,,,,0.00,0.00,0.00
2026-03-04 13:37:05,,FLAT,,,,0.00,0.00,0.00
2026-03-04 13:38:05,,FLAT,,,,0.00,0.00,0.00
2026-03-04 13:39:05,,FLAT,,,,0.00,0.00,0.00
2026-03-04 13:40:05,,FLAT,,,,0.00,0.00,0.00
2026-03-04 13:41:05,,FLAT,,,,0.00,0.00,0.00
2026-03-04 13:42:05,,FLAT,,,,0.00,0.00,0.00
2026-03-04 13:43:05,,FLAT,,,,0.00,0.00,0.00
2026-03-04 13:44:05,,FLAT,,,,0.00,0.00,0.00
2026-03-04 13:45:05,,FLAT,,,,0.00,0.00,0.00
2026-03-04 13:46:05,,FLAT,,,,0.00,0.00,0.00
2026-03-04 13:47:05,,FLAT,,,,0.00,0.00,0.00
2026-03-04 13:48:05,,FLAT,,,,0.00,0.00,0.00
2026-03-04 13:49:05,,FLAT,,,,0.00,0.00,0.00
2026-03-04 13:50:05,,FLAT,,,,0.00,0.00,0.00
2026-03-04 13:51:05,,FLAT,,,,0.00,0.00,0.00
2026-03-04 13:52:05,,FLAT,,,,0.00,0.00,0.00
2026-03-04 13:53:05,,FLAT,,,,0.00,0.00,0.00
2026-03-04 13:54:05,,FLAT,,,,0.00,0.00,0.00
2026-03-04 13:55:05,,FLAT,,,,0.00,0.00,0.00
2026-03-04 13:56:05,,FLAT,,,,0.00,0.00,0.00
2026-03-04 13:57:05,,FLAT,,,,0.00,0.00,0.00
2026-03-04 13:58:05,,FLAT,,,,0.00,0.00,0.00
2026-03-04 13:59:05,,FLAT,,,,0.00,0.00,0.00
2026-03-04 14:00:05,,FLAT,,,,0.00,0.00,0.00
2026-03-04 14:01:05,,FLAT,,,,0.00,0.00,0.00
2026-03-04 14:02:05,,FLAT,,,,0.00,0.00,0.00
2026-03-04 14:03:05,,FLAT,,,,0.00,0.00,0.00
2026-03-04 14:04:05,,FLAT,,,,0.00,0.00,0.00
2026-03-04 14:05:05,,FLAT,,,,0.00,0.00,0.00
2026-03-04 14:06:05,,FLAT,,,,0.00,0.00,0.00
2026-03-04 14:07:05,,FLAT,,,,0.00,0.00,0.00
2026-03-04 14:08:05,,FLAT,,,,0.00,0.00,0.00
2026-03-04 14:09:05,,FLAT,,,,0.00,0.00,0.00
2026-03-04 14:10:05,,FLAT,,,,0.00,0.00,0.00
2026-03-04 14:11:05,,FLAT,,,,0.00,0.00,0.00
2026-03-04 14:12:05,,FLAT,,,,0.00,0.00,0.00
2026-03-04 14:13:05,,FLAT,,,,0.00,0.00,0.00
2026-03-04 14:14:05,,FLAT,,,,0.00,0.00,0.00
2026-03-04 14:15:05,,FLAT,,,,0.00,0.00,0.00
2026-03-04 14:16:05,,FLAT,,,,0.00,0.00,0.00
2026-03-04 14:17:05,,FLAT,,,,0.00,0.00,0.00
2026-03-04 14:18:05,,FLAT,,,,0.00,0.00,0.00
2026-03-04 14:19:05,,FLAT,,,,0.00,0.00,0.00
2026-03-04 14:20:05,,FLAT,,,,0.00,0.00,0.00
2026-03-04 14:21:05,,FLAT,,,,0.00,0.00,0.00
2026-03-04 14:22:05,,FLAT,,,,0.00,0.00,0.00
2026-03-04 14:23:05,,FLAT,,,,0.00,0.00,0.00
2026-03-04 14:24:05,,FLAT,,,,0.00,0.00,0.00
2026-03-04 14:25:05,,FLAT,,,,0.00,0.00,0.00
2026-03-04 14:26:05,,FLAT,,,,0.00,0.00,0.00
2026-03-04 14:27:05,,FLAT,,,,0.00,0.00,0.00
2026-03-04 14:28:05,,FLAT,,,,0.00,0.00,0.00
2026-03-04 14:29:05,,FLAT,,,,0.00,0.00,0.00
2026-03-04 14:30:05,,FLAT,,,,0.00,0.00,0.00
2026-03-04 14:31:05,,FLAT,,,,0.00,0.00,0.00
2026-03-04 14:32:05,,FLAT,,,,0.00,0.00,0.00
2026-03-04 14:33:05,,FLAT,,,,0.00,0.00,0.00
2026-03-04 14:34:05,,FLAT,,,,0.00,0.00,0.00
2026-03-04 14:35:05,,FLAT,,,,0.00,0.00,0.00
2026-03-04 14:36:05,,FLAT,,,,0.00,0.00,0.00
2026-03-04 14:37:05,,FLAT,,,,0.00,0.00,0.00
2026-03-04 14:38:05,,FLAT,,,,0.00,0.00,0.00
2026-03-04 14:39:05,,FLAT,,,,0.00,0.00,0.00
2026-03-04 14:40:05,,FLAT,,,,0.00,0.00,0.00
2026-03-04 14:41:05,,FLAT,,,,0.00,0.00,0.00
2026-03-04 14:42:05,,FLAT,,,,0.00,0.00,0.00
2026-03-04 14:43:05,,FLAT,,,,0.00,0.00,0.00
2026-03-04 14:44:05,,FLAT,,,,0.00,0.00,0.00
2026-03-04 14:45:05,,FLAT,,,,0.00,0.00,0.00
2026-03-04 14:46:05,,FLAT,,,,0.00,0.00,0.00
2026-03-04 14:47:05,,FLAT,,,,0.00,0.00,0.00
2026-03-04 14:48:05,,FLAT,,,,0.00,0.00,0.00
2026-03-04 14:49:05,,FLAT,,,,0.00,0.00,0.00
2026-03-04 14:50:05,,FLAT,,,,0.00,0.00,0.00
2026-03-04 14:51:05,,FLAT,,,,0.00,0.00,0.00
2026-03-04 14:52:05,,FLAT,,,,0.00,0.00,0.00
2026-03-04 14:53:05,,FLAT,,,,0.00,0.00,0.00
2026-03-04 14:54:05,,FLAT,,,,0.00,0.00,0.00
2026-03-04 14:55:05,,FLAT,,,,0.00,0.00,0.00
2026-03-04 14:56:05,,FLAT,,,,0.00,0.00,0.00
2026-03-04 14:57:05,,FLAT,,,,0.00,0.00,0.00
2026-03-04 14:58:05,,FLAT,,,,0.00,0.00,0.00
2026-03-04 14:59:05,,FLAT,,,,0.00,0.00,0.00
2026-03-04 15:00:05,,FLAT,,,,0.00,0.00,0.00
2026-03-04 15:01:05,,FLAT,,,,0.00,0.00,0.00
2026-03-04 15:02:05,,FLAT,,,,0.00,0.00,0.00
2026-03-04 15:03:05,,FLAT,,,,0.00,0.00,0.00
2026-03-04 15:04:05,,FLAT,,,,0.00,0.00,0.00
2026-03-04 15:05:05,,FLAT,,,,0.00,0.00,0.00
2026-03-04 15:06:05,,FLAT,,,,0.00,0.00,0.00
2026-03-04 15:07:05,,FLAT,,,,0.00,0.00,0.00
2026-03-04 15:08:05,,FLAT,,,,0.00,0.00,0.00
2026-03-04 15:09:05,,FLAT,,,,0.00,0.00,0.00
2026-03-04 15:10:05,,FLAT,,,,0.00,0.00,0.00
2026-03-04 15:11:05,,FLAT,,,,0.00,0.00,0.00
2026-03-04 15:12:05,,FLAT,,,,0.00,0.00,0.00
2026-03-04 15:13:05,,FLAT,,,,0.00,0.00,0.00
2026-03-04 15:14:05,,FLAT,,,,0.00,0.00,0.00
2026-03-04 15:15:05,,FLAT,,,,0.00,0.00,0.00
2026-03-04 15:16:05,,FLAT,,,,0.00,0.00,0.00
2026-03-04 15:17:05,,FLAT,,,,0.00,0.00,0.00
2026-03-04 15:18:05,,FLAT,,,,0.00,0.00,0.00
2026-03-04 15:19:05,,FLAT,,,,0.00,0.00,0.00
2026-03-04 15:20:05,,FLAT,,,,0.00,0.00,0.00
2026-03-04 15:21:05,,FLAT,,,,0.00,0.00,0.00
2026-03-04 15:22:05,,FLAT,,,,0.00,0.00,0.00
2026-03-04 15:23:05,,FLAT,,,,0.00,0.00,0.00
2026-03-04 15:24:05,,FLAT,,,,0.00,0.00,0.00
2026-03-04 15:25:05,,FLAT,,,,0.00,0.00,0.00
2026-03-04 15:26:05,,FLAT,,,,0.00,0.00,0.00
2026-03-04 15:27:05,,FLAT,,,,0.00,0.00,0.00
2026-03-04 15:28:05,,FLAT,,,,0.00,0.00,0.00
2026-03-04 15:29:05,,FLAT,,,,0.00,0.00,0.00
2026-03-04 15:30:05,,FLAT,,,,0.00,0.00,0.00
2026-03-05 09:15:05,,FLAT,,,,0.00,0.00,0.00
2026-03-05 09:16:05,,FLAT,,,,0.00,0.00,0.00
2026-03-05 09:17:05,,FLAT,,,,0.00,0.00,0.00
2026-03-05 09:18:05,,FLAT,,,,0.00,0.00,0.00
2026-03-05 09:19:05,,FLAT,,,,0.00,0.00,0.00
2026-03-05 09:20:05,,FLAT,,,,0.00,0.00,0.00
2026-03-05 09:21:05,,FLAT,,,,0.00,0.00,0.00
2026-03-05 09:22:05,,FLAT,,,,0.00,0.00,0.00
2026-03-05 09:23:05,,FLAT,,,,0.00,0.00,0.00
2026-03-05 09:24:05,,FLAT,,,,0.00,0.00,0.00
2026-03-05 09:25:05,,FLAT,,,,0.00,0.00,0.00
2026-03-05 09:26:05,,FLAT,,,,0.00,0.00,0.00
2026-03-05 09:27:05,,FLAT,,,,0.00,0.00,0.00
2026-03-05 09:28:05,,FLAT,,,,0.00,0.00,0.00
2026-03-05 09:29:05,,FLAT,,,,0.00,0.00,0.00
2026-03-05 09:30:05,,FLAT,,,,0.00,0.00,0.00
2026-03-05 09:31:05,,FLAT,,,,0.00,0.00,0.00
2026-03-05 09:32:05,,FLAT,,,,0.00,0.00,0.00
2026-03-05 09:33:05,,FLAT,,,,0.00,0.00,0.00
2026-03-05 09:34:05,,FLAT,,,,0.00,0.00,0.00
2026-03-05 09:35:06,20260305_093506,ENTRY,SELL_STRADDLE,24550,2026-03-10,0.00,0.00,0.00
2026-03-05 09:36:05,20260305_093506,OPEN,SELL_STRADDLE,24550,2026-03-10,0.00,52.50,52.50
2026-03-05 09:37:05,20260305_093506,OPEN,SELL_STRADDLE,24550,2026-03-10,0.00,-50.00,-50.00
2026-03-05 09:38:05,20260305_093506,OPEN,SELL_STRADDLE,24550,2026-03-10,0.00,40.00,40.00
2026-03-05 09:39:05,,EXIT,,,,40.00,0.00,40.00
2026-03-05 09:40:05,,FLAT,,,,40.00,0.00,40.00
2026-03-05 09:41:05,,FLAT,,,,40.00,0.00,40.00
2026-03-05 09:42:05,,FLAT,,,,40.00,0.00,40.00
2026-03-05 09:43:05,,FLAT,,,,40.00,0.00,40.00
2026-03-05 09:44:05,,FLAT,,,,40.00,0.00,40.00
2026-03-05 09:45:05,,FLAT,,,,40.00,0.00,40.00
2026-03-05 09:46:05,,FLAT,,,,40.00,0.00,40.00
2026-03-05 09:47:05,,FLAT,,,,40.00,0.00,40.00
2026-03-05 09:48:05,,FLAT,,,,40.00,0.00,40.00
2026-03-05 09:49:05,,FLAT,,,,40.00,0.00,40.00
2026-03-05 09:50:05,,FLAT,,,,40.00,0.00,40.00
2026-03-05 09:51:05,,FLAT,,,,40.00,0.00,40.00
2026-03-05 09:52:05,,FLAT,,,,40.00,0.00,40.00
2026-03-05 09:53:05,,FLAT,,,,40.00,0.00,40.00
2026-03-05 09:54:05,,FLAT,,,,40.00,0.00,40.00
2026-03-05 09:55:05,,FLAT,,,,40.00,0.00,40.00
2026-03-05 09:56:05,,FLAT,,,,40.00,0.00,40.00
2026-03-05 09:57:05,,FLAT,,,,40.00,0.00,40.00
2026-03-05 09:58:05,,FLAT,,,,40.00,0.00,40.00
2026-03-05 09:59:05,,FLAT,,,,40.00,0.00,40.00
2026-03-05 10:00:05,,FLAT,,,,40.00,0.00,40.00
2026-03-05 10:01:05,,FLAT,,,,40.00,0.00,40.00
2026-03-05 10:02:05,,FLAT,,,,40.00,0.00,40.00
2026-03-05 10:03:05,,FLAT,,,,40.00,0.00,40.00
2026-03-05 10:04:05,,FLAT,,,,40.00,0.00,40.00
2026-03-05 10:05:05,,FLAT,,,,40.00,0.00,40.00
2026-03-05 10:06:05,,FLAT,,,,40.00,0.00,40.00
2026-03-05 10:07:05,,FLAT,,,,40.00,0.00,40.00
2026-03-05 10:08:05,,FLAT,,,,40.00,0.00,40.00
2026-03-05 10:09:05,,FLAT,,,,40.00,0.00,40.00
2026-03-05 10:10:05,,FLAT,,,,40.00,0.00,40.00
2026-03-05 10:11:05,,FLAT,,,,40.00,0.00,40.00
2026-03-05 10:12:05,,FLAT,,,,40.00,0.00,40.00
2026-03-05 10:13:05,,FLAT,,,,40.00,0.00,40.00
2026-03-05 10:14:05,20260305_101405,ENTRY,SELL_CE,24600,2026-03-10,40.00,0.00,40.00
2026-03-05 10:15:05,20260305_101405,OPEN,SELL_CE,24600,2026-03-10,40.00,207.50,247.50
2026-03-05 10:16:05,20260305_101405,OPEN,SELL_CE,24600,2026-03-10,40.00,92.50,132.50
2026-03-05 10:17:05,20260305_101405,OPEN,SELL_CE,24600,2026-03-10,40.00,65.00,105.00
2026-03-05 10:18:05,20260305_101405,OPEN,SELL_CE,24600,2026-03-10,40.00,42.50,82.50
2026-03-05 10:19:05,20260305_101405,OPEN,SELL_CE,24600,2026-03-10,40.00,155.00,195.00
2026-03-05 10:20:05,20260305_101405,OPEN,SELL_CE,24600,2026-03-10,40.00,532.50,572.50
2026-03-05 10:21:05,20260305_101405,OPEN,SELL_CE,24600,2026-03-10,40.00,330.00,370.00
2026-03-05 10:22:05,20260305_101405,OPEN,SELL_CE,24600,2026-03-10,40.00,660.00,700.00
2026-03-05 10:23:05,20260305_101405,OPEN,SELL_CE,24600,2026-03-10,40.00,740.00,780.00
2026-03-05 10:24:05,20260305_101405,OPEN,SELL_CE,24600,2026-03-10,40.00,795.00,835.00
2026-03-05 10:25:05,20260305_101405,OPEN,SELL_CE,24600,2026-03-10,40.00,685.00,725.00
2026-03-05 10:26:05,20260305_101405,OPEN,SELL_CE,24600,2026-03-10,40.00,1217.50,1257.50
2026-03-05 10:27:05,20260305_101405,OPEN,SELL_CE,24600,2026-03-10,40.00,1460.00,1500.00
2026-03-05 10:28:05,20260305_101405,OPEN,SELL_CE,24600,2026-03-10,40.00,1430.00,1470.00
2026-03-05 10:29:05,20260305_101405,OPEN,SELL_CE,24600,2026-03-10,40.00,1480.00,1520.00
2026-03-05 10:30:05,20260305_101405,OPEN,SELL_CE,24600,2026-03-10,40.00,1157.50,1197.50
2026-03-05 10:31:05,20260305_101405,OPEN,SELL_CE,24600,2026-03-10,40.00,1180.00,1220.00
2026-03-05 10:32:05,20260305_101405,OPEN,SELL_CE,24600,2026-03-10,40.00,912.50,952.50
2026-03-05 10:33:05,20260305_101405,OPEN,SELL_CE,24600,2026-03-10,40.00,1220.00,1260.00
2026-03-05 10:34:05,20260305_101405,OPEN,SELL_CE,24600,2026-03-10,40.00,1190.00,1230.00
2026-03-05 10:35:05,20260305_101405,OPEN,SELL_CE,24600,2026-03-10,40.00,970.00,1010.00
2026-03-05 10:36:05,20260305_101405,OPEN,SELL_CE,24600,2026-03-10,40.00,612.50,652.50
2026-03-05 10:37:05,20260305_101405,OPEN,SELL_CE,24600,2026-03-10,40.00,357.50,397.50
2026-03-05 10:38:05,20260305_101405,OPEN,SELL_CE,24600,2026-03-10,40.00,97.50,137.50
2026-03-05 10:39:05,20260305_101405,OPEN,SELL_CE,24600,2026-03-10,40.00,-30.00,10.00
2026-03-05 10:40:05,,EXIT,,,,10.00,0.00,10.00
2026-03-05 10:41:05,,FLAT,,,,10.00,0.00,10.00
2026-03-05 10:42:05,,FLAT,,,,10.00,0.00,10.00
2026-03-05 10:43:05,,FLAT,,,,10.00,0.00,10.00
2026-03-05 10:44:05,,FLAT,,,,10.00,0.00,10.00
2026-03-05 10:45:05,,FLAT,,,,10.00,0.00,10.00
2026-03-05 10:46:05,,FLAT,,,,10.00,0.00,10.00
2026-03-05 10:47:05,,FLAT,,,,10.00,0.00,10.00
2026-03-05 10:48:05,,FLAT,,,,10.00,0.00,10.00
2026-03-05 10:49:05,,FLAT,,,,10.00,0.00,10.00
2026-03-05 10:50:05,,FLAT,,,,10.00,0.00,10.00
2026-03-05 10:51:05,,FLAT,,,,10.00,0.00,10.00
2026-03-05 10:52:05,,FLAT,,,,10.00,0.00,10.00
2026-03-05 10:53:05,,FLAT,,,,10.00,0.00,10.00
2026-03-05 10:54:05,,FLAT,,,,10.00,0.00,10.00
2026-03-05 10:55:05,,FLAT,,,,10.00,0.00,10.00
2026-03-05 10:56:05,,FLAT,,,,10.00,0.00,10.00
2026-03-05 10:57:05,,FLAT,,,,10.00,0.00,10.00
2026-03-05 10:58:05,,FLAT,,,,10.00,0.00,10.00
2026-03-05 10:59:05,,FLAT,,,,10.00,0.00,10.00
2026-03-05 11:00:05,,FLAT,,,,10.00,0.00,10.00
2026-03-05 11:01:05,,FLAT,,,,10.00,0.00,10.00
2026-03-05 11:02:05,20260305_110205,ENTRY,SELL_STRADDLE,24650,2026-03-10,10.00,0.00,10.00
2026-03-05 11:03:05,20260305_110205,OPEN,SELL_STRADDLE,24650,2026-03-10,10.00,-75.00,-65.00
2026-03-05 11:04:05,20260305_110205,OPEN,SELL_STRADDLE,24650,2026-03-10,10.00,157.50,167.50
2026-03-05 11:05:05,20260305_110205,OPEN,SELL_STRADDLE,24650,2026-03-10,10.00,32.50,42.50
2026-03-05 11:06:05,20260305_110205,OPEN,SELL_STRADDLE,24650,2026-03-10,10.00,-67.50,-57.50
2026-03-05 11:07:05,20260305_110205,OPEN,SELL_STRADDLE,24650,2026-03-10,10.00,-110.00,-100.00
2026-03-05 11:08:05,20260305_110205,OPEN,SELL_STRADDLE,24650,2026-03-10,10.00,-117.50,-107.50
2026-03-05 11:09:05,20260305_110205,OPEN,SELL_STRADDLE,24650,2026-03-10,10.00,20.00,30.00
2026-03-05 11:10:05,20260305_110205,OPEN,SELL_STRADDLE,24650,2026-03-10,10.00,12.50,22.50
2026-03-05 11:11:05,20260305_110205,OPEN,SELL_STRADDLE,24650,2026-03-10,10.00,67.50,77.50
2026-03-05 11:12:05,20260305_110205,OPEN,SELL_STRADDLE,24650,2026-03-10,10.00,140.00,150.00
2026-03-05 11:13:05,20260305_110205,OPEN,SELL_STRADDLE,24650,2026-03-10,10.00,122.50,132.50
2026-03-05 11:14:05,20260305_110205,OPEN,SELL_STRADDLE,24650,2026-03-10,10.00,45.00,55.00
2026-03-05 11:15:05,20260305_110205,OPEN,SELL_STRADDLE,24650,2026-03-10,10.00,292.50,302.50
2026-03-05 11:16:05,20260305_110205,OPEN,SELL_STRADDLE,24650,2026-03-10,10.00,190.00,200.00
2026-03-05 11:17:05,20260305_110205,OPEN,SELL_STRADDLE,24650,2026-03-10,10.00,170.00,180.00
2026-03-05 11:18:05,20260305_110205,OPEN,SELL_STRADDLE,24650,2026-03-10,10.00,-65.00,-55.00
2026-03-05 11:19:05,20260305_110205,OPEN,SELL_STRADDLE,24650,2026-03-10,10.00,15.00,25.00
2026-03-05 11:20:05,20260305_110205,OPEN,SELL_STRADDLE,24650,2026-03-10,10.00,50.00,60.00
2026-03-05 11:21:05,20260305_110205,OPEN,SELL_STRADDLE,24650,2026-03-10,10.00,122.50,132.50
2026-03-05 11:22:05,20260305_110205,OPEN,SELL_STRADDLE,24650,2026-03-10,10.00,302.50,312.50
2026-03-05 11:23:05,20260305_110205,OPEN,SELL_STRADDLE,24650,2026-03-10,10.00,450.00,460.00
2026-03-05 11:24:05,20260305_110205,OPEN,SELL_STRADDLE,24650,2026-03-10,10.00,430.00,440.00
2026-03-05 11:25:05,,EXIT,,,,440.00,0.00,440.00
2026-03-05 11:26:05,,FLAT,,,,440.00,0.00,440.00
2026-03-05 11:27:05,,FLAT,,,,440.00,0.00,440.00
2026-03-05 11:28:05,,FLAT,,,,440.00,0.00,440.00
2026-03-05 11:29:05,,FLAT,,,,440.00,0.00,440.00
2026-03-05 11:30:05,,FLAT,,,,440.00,0.00,440.00
2026-03-05 11:31:05,,FLAT,,,,440.00,0.00,440.00
2026-03-05 11:32:05,,FLAT,,,,440.00,0.00,440.00
2026-03-05 11:33:05,,FLAT,,,,440.00,0.00,440.00
2026-03-05 11:34:05,,FLAT,,,,440.00,0.00,440.00
2026-03-05 11:35:05,,FLAT,,,,440.00,0.00,440.00
2026-03-05 11:36:05,,FLAT,,,,440.00,0.00,440.00
2026-03-05 11:37:05,,FLAT,,,,440.00,0.00,440.00
2026-03-05 11:38:05,,FLAT,,,,440.00,0.00,440.00
2026-03-05 11:39:05,,FLAT,,,,440.00,0.00,440.00
2026-03-05 11:40:05,,FLAT,,,,440.00,0.00,440.00
2026-03-05 11:41:05,,FLAT,,,,440.00,0.00,440.00
2026-03-05 11:42:05,,FLAT,,,,440.00,0.00,440.00
2026-03-05 11:43:05,,FLAT,,,,440.00,0.00,440.00
2026-03-05 11:44:05,,FLAT,,,,440.00,0.00,440.00
2026-03-05 11:45:05,,FLAT,,,,440.00,0.00,440.00
2026-03-05 11:46:05,,FLAT,,,,440.00,0.00,440.00
2026-03-05 11:47:05,,FLAT,,,,440.00,0.00,440.00
2026-03-05 11:48:05,,FLAT,,,,440.00,0.00,440.00
2026-03-05 11:49:05,,FLAT,,,,440.00,0.00,440.00
2026-03-05 11:50:05,,FLAT,,,,440.00,0.00,440.00
2026-03-05 11:51:05,,FLAT,,,,440.00,0.00,440.00
2026-03-05 11:52:05,,FLAT,,,,440.00,0.00,440.00
2026-03-05 11:53:05,,FLAT,,,,440.00,0.00,440.00
2026-03-05 11:54:05,,FLAT,,,,440.00,0.00,440.00
2026-03-05 11:55:05,,FLAT,,,,440.00,0.00,440.00
2026-03-05 11:56:05,,FLAT,,,,440.00,0.00,440.00
2026-03-05 11:57:05,,FLAT,,,,440.00,0.00,440.00
2026-03-05 11:58:05,,FLAT,,,,440.00,0.00,440.00
2026-03-05 11:59:05,,FLAT,,,,440.00,0.00,440.00
2026-03-05 12:00:05,,FLAT,,,,440.00,0.00,440.00
2026-03-05 12:01:05,,FLAT,,,,440.00,0.00,440.00
2026-03-05 12:02:05,,FLAT,,,,440.00,0.00,440.00
2026-03-05 12:03:05,,FLAT,,,,440.00,0.00,440.00
2026-03-05 12:04:05,,FLAT,,,,440.00,0.00,440.00
2026-03-05 12:05:05,,FLAT,,,,440.00,0.00,440.00
2026-03-05 12:06:05,,FLAT,,,,440.00,0.00,440.00
2026-03-05 12:07:05,20260305_120705,ENTRY,SELL_PE,24600,2026-03-10,440.00,0.00,440.00
2026-03-05 12:08:05,20260305_120705,OPEN,SELL_PE,24600,2026-03-10,440.00,-170.00,270.00
2026-03-05 12:09:05,20260305_120705,OPEN,SELL_PE,24600,2026-03-10,440.00,-60.00,380.00
2026-03-05 12:10:05,20260305_120705,OPEN,SELL_PE,24600,2026-03-10,440.00,285.00,725.00
2026-03-05 12:11:05,20260305_120705,OPEN,SELL_PE,24600,2026-03-10,440.00,377.50,817.50
2026-03-05 12:12:05,20260305_120705,OPEN,SELL_PE,24600,2026-03-10,440.00,840.00,1280.00
2026-03-05 12:13:05,20260305_120705,OPEN,SELL_PE,24600,2026-03-10,440.00,632.50,1072.50
2026-03-05 12:14:05,20260305_120705,OPEN,SELL_PE,24600,2026-03-10,440.00,540.00,980.00
2026-03-05 12:15:05,20260305_120705,OPEN,SELL_PE,24600,2026-03-10,440.00,822.50,1262.50
2026-03-05 12:16:05,20260305_120705,OPEN,SELL_PE,24600,2026-03-10,440.00,585.00,1025.00
2026-03-05 12:17:05,20260305_120705,OPEN,SELL_PE,24600,2026-03-10,440.00,450.00,890.00
2026-03-05 12:18:05,20260305_120705,OPEN,SELL_PE,24600,2026-03-10,440.00,432.50,872.50
2026-03-05 12:19:05,20260305_120705,OPEN,SELL_PE,24600,2026-03-10,440.00,710.00,1150.00
2026-03-05 12:20:05,20260305_120705,OPEN,SELL_PE,24600,2026-03-10,440.00,657.50,1097.50
2026-03-05 12:21:05,20260305_120705,OPEN,SELL_PE,24600,2026-03-10,440.00,1107.50,1547.50
2026-03-05 12:22:05,20260305_120705,OPEN,SELL_PE,24600,2026-03-10,440.00,1220.00,1660.00
2026-03-05 12:23:05,20260305_120705,OPEN,SELL_PE,24600,2026-03-10,440.00,1275.00,1715.00
2026-03-05 12:24:05,20260305_120705,OPEN,SELL_PE,24600,2026-03-10,440.00,1285.00,1725.00
2026-03-05 12:25:05,20260305_120705,OPEN,SELL_PE,24600,2026-03-10,440.00,1037.50,1477.50
2026-03-05 12:26:05,20260305_120705,OPEN,SELL_PE,24600,2026-03-10,440.00,1142.50,1582.50
2026-03-05 12:27:05,20260305_120705,OPEN,SELL_PE,24600,2026-03-10,440.00,1240.00,1680.00
2026-03-05 12:28:05,20260305_120705,OPEN,SELL_PE,24600,2026-03-10,440.00,1335.00,1775.00
2026-03-05 12:29:05,20260305_120705,OPEN,SELL_PE,24600,2026-03-10,440.00,1637.50,2077.50
2026-03-05 12:30:05,20260305_120705,OPEN,SELL_PE,24600,2026-03-10,440.00,1742.50,2182.50
2026-03-05 12:31:05,20260305_120705,OPEN,SELL_PE,24600,2026-03-10,440.00,1662.50,2102.50
2026-03-05 12:32:05,20260305_120705,OPEN,SELL_PE,24600,2026-03-10,440.00,1757.50,2197.50
2026-03-05 12:33:05,20260305_120705,OPEN,SELL_PE,24600,2026-03-10,440.00,1840.00,2280.00
2026-03-05 12:34:05,20260305_120705,OPEN,SELL_PE,24600,2026-03-10,440.00,1937.50,2377.50
2026-03-05 12:35:05,20260305_120705,OPEN,SELL_PE,24600,2026-03-10,440.00,1592.50,2032.50
2026-03-05 12:36:05,20260305_120705,OPEN,SELL_PE,24600,2026-03-10,440.00,1360.00,1800.00
2026-03-05 12:37:05,20260305_120705,OPEN,SELL_PE,24600,2026-03-10,440.00,1562.50,2002.50
2026-03-05 12:38:05,20260305_120705,OPEN,SELL_PE,24600,2026-03-10,440.00,1522.50,1962.50
2026-03-05 12:39:05,20260305_120705,OPEN,SELL_PE,24600,2026-03-10,440.00,1615.00,2055.00
2026-03-05 12:40:05,20260305_120705,OPEN,SELL_PE,24600,2026-03-10,440.00,1652.50,2092.50
2026-03-05 12:41:05,20260305_120705,OPEN,SELL_PE,24600,2026-03-10,440.00,1550.00,1990.00
2026-03-05 12:42:05,20260305_120705,OPEN,SELL_PE,24600,2026-03-10,440.00,1747.50,2187.50
2026-03-05 12:43:05,20260305_120705,OPEN,SELL_PE,24600,2026-03-10,440.00,1682.50,2122.50
2026-03-05 12:44:05,20260305_120705,OPEN,SELL_PE,24600,2026-03-10,440.00,1600.00,2040.00
2026-03-05 12:45:05,,EXIT,,,,2040.00,0.00,2040.00
2026-03-05 12:46:05,,FLAT,,,,2040.00,0.00,2040.00
2026-03-05 12:47:05,,FLAT,,,,2040.00,0.00,2040.00
2026-03-05 12:48:05,,FLAT,,,,2040.00,0.00,2040.00
2026-03-05 12:49:05,,FLAT,,,,2040.00,0.00,2040.00
2026-03-05 12:50:05,,FLAT,,,,2040.00,0.00,2040.00
2026-03-05 12:51:05,,FLAT,,,,2040.00,0.00,2040.00
2026-03-05 12:52:05,,FLAT,,,,2040.00,0.00,2040.00
2026-03-05 12:53:05,,FLAT,,,,2040.00,0.00,2040.00
2026-03-05 12:54:05,,FLAT,,,,2040.00,0.00,2040.00
2026-03-05 12:55:05,,FLAT,,,,2040.00,0.00,2040.00
2026-03-05 12:56:05,,FLAT,,,,2040.00,0.00,2040.00
2026-03-05 12:57:05,,FLAT,,,,2040.00,0.00,2040.00
2026-03-05 12:58:05,,FLAT,,,,2040.00,0.00,2040.00
2026-03-05 12:59:05,,FLAT,,,,2040.00,0.00,2040.00
2026-03-05 13:00:05,,FLAT,,,,2040.00,0.00,2040.00
2026-03-05 13:01:05,,FLAT,,,,2040.00,0.00,2040.00
2026-03-05 13:02:05,,FLAT,,,,2040.00,0.00,2040.00
2026-03-05 13:03:05,20260305_130305,ENTRY,SELL_PE,24650,2026-03-10,2040.00,0.00,2040.00
2026-03-05 13:04:05,20260305_130305,OPEN,SELL_PE,24650,2026-03-10,2040.00,-465.00,1575.00
2026-03-05 13:05:05,20260305_130305,OPEN,SELL_PE,24650,2026-03-10,2040.00,-495.00,1545.00
2026-03-05 13:06:05,20260305_130305,OPEN,SELL_PE,24650,2026-03-10,2040.00,-460.00,1580.00
2026-03-05 13:07:05,20260305_130305,OPEN,SELL_PE,24650,2026-03-10,2040.00,-437.50,1602.50
2026-03-05 13:08:05,20260305_130305,OPEN,SELL_PE,24650,2026-03-10,2040.00,-380.00,1660.00
2026-03-05 13:09:05,20260305_130305,OPEN,SELL_PE,24650,2026-03-10,2040.00,-292.50,1747.50
2026-03-05 13:10:05,20260305_130305,OPEN,SELL_PE,24650,2026-03-10,2040.00,-315.00,1725.00
2026-03-05 13:11:05,20260305_130305,OPEN,SELL_PE,24650,2026-03-10,2040.00,-335.00,1705.00
2026-03-05 13:12:05,20260305_130305,OPEN,SELL_PE,24650,2026-03-10,2040.00,-195.00,1845.00
2026-03-05 13:13:05,,EXIT,,,,1845.00,0.00,1845.00
2026-03-05 13:14:05,,FLAT,,,,1845.00,0.00,1845.00
2026-03-05 13:15:05,,FLAT,,,,1845.00,0.00,1845.00
2026-03-05 13:16:05,,FLAT,,,,1845.00,0.00,1845.00
2026-03-05 13:17:05,,FLAT,,,,1845.00,0.00,1845.00
2026-03-05 13:18:05,,FLAT,,,,1845.00,0.00,1845.00
2026-03-05 13:19:05,,FLAT,,,,1845.00,0.00,1845.00
2026-03-05 13:20:05,,FLAT,,,,1845.00,0.00,1845.00
2026-03-05 13:21:05,,FLAT,,,,1845.00,0.00,1845.00
2026-03-05 13:22:05,,FLAT,,,,1845.00,0.00,1845.00
2026-03-05 13:23:05,,FLAT,,,,1845.00,0.00,1845.00
2026-03-05 13:24:05,,FLAT,,,,1845.00,0.00,1845.00
2026-03-05 13:25:05,,FLAT,,,,1845.00,0.00,1845.00
2026-03-05 13:26:05,,FLAT,,,,1845.00,0.00,1845.00
2026-03-05 13:27:05,,FLAT,,,,1845.00,0.00,1845.00
2026-03-05 13:28:05,,FLAT,,,,1845.00,0.00,1845.00
2026-03-05 13:29:05,,FLAT,,,,1845.00,0.00,1845.00
2026-03-05 13:30:05,,FLAT,,,,1845.00,0.00,1845.00
2026-03-05 13:31:05,,FLAT,,,,1845.00,0.00,1845.00
2026-03-05 13:32:05,,FLAT,,,,1845.00,0.00,1845.00
2026-03-05 13:33:05,20260305_133305,ENTRY,SELL_PE,24650,2026-03-10,1845.00,0.00,1845.00
2026-03-05 13:34:05,20260305_133305,OPEN,SELL_PE,24650,2026-03-10,1845.00,-517.50,1327.50
2026-03-05 13:35:05,20260305_133305,OPEN,SELL_PE,24650,2026-03-10,1845.00,-417.50,1427.50
2026-03-05 13:36:05,20260305_133305,OPEN,SELL_PE,24650,2026-03-10,1845.00,-1012.50,832.50
2026-03-05 13:37:05,20260305_133305,OPEN,SELL_PE,24650,2026-03-10,1845.00,-912.50,932.50
2026-03-05 13:38:05,20260305_133305,OPEN,SELL_PE,24650,2026-03-10,1845.00,-1152.50,692.50
2026-03-05 13:39:05,20260305_133305,OPEN,SELL_PE,24650,2026-03-10,1845.00,-1017.50,827.50
2026-03-05 13:40:05,20260305_133305,OPEN,SELL_PE,24650,2026-03-10,1845.00,-1040.00,805.00
2026-03-05 13:41:05,20260305_133305,OPEN,SELL_PE,24650,2026-03-10,1845.00,-1145.00,700.00
2026-03-05 13:42:05,20260305_133305,OPEN,SELL_PE,24650,2026-03-10,1845.00,-1320.00,525.00
2026-03-05 13:43:05,20260305_133305,OPEN,SELL_PE,24650,2026-03-10,1845.00,-1055.00,790.00
2026-03-05 13:44:05,,EXIT,,,,790.00,0.00,790.00
2026-03-05 13:45:05,,FLAT,,,,790.00,0.00,790.00
2026-03-05 13:46:05,,FLAT,,,,790.00,0.00,790.00
2026-03-05 13:47:05,,FLAT,,,,790.00,0.00,790.00
2026-03-05 13:48:05,,FLAT,,,,790.00,0.00,790.00
2026-03-05 13:49:05,,FLAT,,,,790.00,0.00,790.00
2026-03-05 13:50:05,,FLAT,,,,790.00,0.00,790.00
2026-03-05 13:51:05,,FLAT,,,,790.00,0.00,790.00
2026-03-05 13:52:05,,FLAT,,,,790.00,0.00,790.00
2026-03-05 13:53:05,,FLAT,,,,790.00,0.00,790.00
2026-03-05 13:54:05,,FLAT,,,,790.00,0.00,790.00
2026-03-05 13:55:05,,FLAT,,,,790.00,0.00,790.00
2026-03-05 13:56:05,,FLAT,,,,790.00,0.00,790.00
2026-03-05 13:57:05,,FLAT,,,,790.00,0.00,790.00
2026-03-05 13:58:05,,FLAT,,,,790.00,0.00,790.00
2026-03-05 13:59:05,,FLAT,,,,790.00,0.00,790.00
2026-03-05 14:00:05,,FLAT,,,,790.00,0.00,790.00
2026-03-05 14:01:05,,FLAT,,,,790.00,0.00,790.00
2026-03-05 14:02:05,,FLAT,,,,790.00,0.00,790.00
2026-03-05 14:03:05,,FLAT,,,,790.00,0.00,790.00
2026-03-05 14:04:05,,FLAT,,,,790.00,0.00,790.00
2026-03-05 14:05:05,,FLAT,,,,790.00,0.00,790.00
2026-03-05 14:06:05,,FLAT,,,,790.00,0.00,790.00
2026-03-05 14:07:05,,FLAT,,,,790.00,0.00,790.00
2026-03-05 14:08:05,,FLAT,,,,790.00,0.00,790.00
2026-03-05 14:09:05,,FLAT,,,,790.00,0.00,790.00
2026-03-05 14:10:05,,FLAT,,,,790.00,0.00,790.00
2026-03-05 14:11:05,,FLAT,,,,790.00,0.00,790.00
2026-03-05 14:12:05,,FLAT,,,,790.00,0.00,790.00
2026-03-05 14:13:05,,FLAT,,,,790.00,0.00,790.00
2026-03-05 14:14:05,,FLAT,,,,790.00,0.00,790.00
2026-03-05 14:15:05,,FLAT,,,,790.00,0.00,790.00
2026-03-05 14:16:05,,FLAT,,,,790.00,0.00,790.00
2026-03-05 14:17:05,,FLAT,,,,790.00,0.00,790.00
2026-03-05 14:18:05,,FLAT,,,,790.00,0.00,790.00
2026-03-05 14:19:05,,FLAT,,,,790.00,0.00,790.00
2026-03-05 14:20:05,,FLAT,,,,790.00,0.00,790.00
2026-03-05 14:21:05,,FLAT,,,,790.00,0.00,790.00
2026-03-05 14:22:05,,FLAT,,,,790.00,0.00,790.00
2026-03-05 14:23:05,,FLAT,,,,790.00,0.00,790.00
2026-03-05 14:24:05,,FLAT,,,,790.00,0.00,790.00
2026-03-05 14:25:05,,FLAT,,,,790.00,0.00,790.00
2026-03-05 14:26:05,,FLAT,,,,790.00,0.00,790.00
2026-03-05 14:27:06,20260305_142706,ENTRY,SELL_PE,24600,2026-03-10,790.00,0.00,790.00
2026-03-05 14:28:05,20260305_142706,OPEN,SELL_PE,24600,2026-03-10,790.00,-72.50,717.50
2026-03-05 14:29:05,20260305_142706,OPEN,SELL_PE,24600,2026-03-10,790.00,122.50,912.50
2026-03-05 14:30:05,20260305_142706,OPEN,SELL_PE,24600,2026-03-10,790.00,-120.00,670.00
2026-03-05 14:31:05,20260305_142706,OPEN,SELL_PE,24600,2026-03-10,790.00,-232.50,557.50
2026-03-05 14:32:05,20260305_142706,OPEN,SELL_PE,24600,2026-03-10,790.00,-335.00,455.00
2026-03-05 14:33:05,20260305_142706,OPEN,SELL_PE,24600,2026-03-10,790.00,-332.50,457.50
2026-03-05 14:34:05,20260305_142706,OPEN,SELL_PE,24600,2026-03-10,790.00,-267.50,522.50
2026-03-05 14:35:05,20260305_142706,OPEN,SELL_PE,24600,2026-03-10,790.00,-285.00,505.00
2026-03-05 14:36:05,20260305_142706,OPEN,SELL_PE,24600,2026-03-10,790.00,-180.00,610.00
2026-03-05 14:37:05,20260305_142706,OPEN,SELL_PE,24600,2026-03-10,790.00,602.50,1392.50
2026-03-05 14:38:05,20260305_142706,OPEN,SELL_PE,24600,2026-03-10,790.00,1335.00,2125.00
2026-03-05 14:39:05,20260305_142706,OPEN,SELL_PE,24600,2026-03-10,790.00,1475.00,2265.00
2026-03-05 14:40:05,20260305_142706,OPEN,SELL_PE,24600,2026-03-10,790.00,1915.00,2705.00
2026-03-05 14:41:05,20260305_142706,OPEN,SELL_PE,24600,2026-03-10,790.00,2967.50,3757.50
2026-03-05 14:42:05,20260305_142706,OPEN,SELL_PE,24600,2026-03-10,790.00,2822.50,3612.50
2026-03-05 14:43:05,20260305_142706,OPEN,SELL_PE,24600,2026-03-10,790.00,2625.00,3415.00
2026-03-05 14:44:05,20260305_142706,OPEN,SELL_PE,24600,2026-03-10,790.00,2642.50,3432.50
2026-03-05 14:45:05,20260305_142706,OPEN,SELL_PE,24600,2026-03-10,790.00,2502.50,3292.50
2026-03-05 14:46:05,20260305_142706,OPEN,SELL_PE,24600,2026-03-10,790.00,3190.00,3980.00
2026-03-05 14:47:05,20260305_142706,OPEN,SELL_PE,24600,2026-03-10,790.00,2920.00,3710.00
2026-03-05 14:48:05,20260305_142706,OPEN,SELL_PE,24600,2026-03-10,790.00,2582.50,3372.50
2026-03-05 14:49:05,20260305_142706,OPEN,SELL_PE,24600,2026-03-10,790.00,2980.00,3770.00
2026-03-05 14:50:05,20260305_142706,OPEN,SELL_PE,24600,2026-03-10,790.00,3102.50,3892.50
2026-03-05 14:51:05,20260305_142706,OPEN,SELL_PE,24600,2026-03-10,790.00,3480.00,4270.00
2026-03-05 14:52:05,20260305_142706,OPEN,SELL_PE,24600,2026-03-10,790.00,3697.50,4487.50
2026-03-05 14:53:05,20260305_142706,OPEN,SELL_PE,24600,2026-03-10,790.00,3642.50,4432.50
2026-03-05 14:54:05,20260305_142706,OPEN,SELL_PE,24600,2026-03-10,790.00,3900.00,4690.00
2026-03-05 14:55:05,20260305_142706,OPEN,SELL_PE,24600,2026-03-10,790.00,4277.50,5067.50
2026-03-05 14:56:05,20260305_142706,OPEN,SELL_PE,24600,2026-03-10,790.00,3897.50,4687.50
2026-03-05 14:57:05,20260305_142706,OPEN,SELL_PE,24600,2026-03-10,790.00,4037.50,4827.50
2026-03-05 14:58:05,20260305_142706,OPEN,SELL_PE,24600,2026-03-10,790.00,4205.00,4995.00
2026-03-05 14:59:05,20260305_142706,OPEN,SELL_PE,24600,2026-03-10,790.00,4127.50,4917.50
2026-03-05 15:00:05,20260305_142706,OPEN,SELL_PE,24600,2026-03-10,790.00,4490.00,5280.00
2026-03-05 15:01:05,20260305_142706,OPEN,SELL_PE,24600,2026-03-10,790.00,4172.50,4962.50
2026-03-05 15:02:05,20260305_142706,OPEN,SELL_PE,24600,2026-03-10,790.00,3795.00,4585.00
2026-03-05 15:03:05,20260305_142706,OPEN,SELL_PE,24600,2026-03-10,790.00,3532.50,4322.50
2026-03-05 15:04:05,20260305_142706,OPEN,SELL_PE,24600,2026-03-10,790.00,3735.00,4525.00
2026-03-05 15:05:05,20260305_142706,OPEN,SELL_PE,24600,2026-03-10,790.00,3592.50,4382.50
2026-03-05 15:06:05,20260305_142706,OPEN,SELL_PE,24600,2026-03-10,790.00,3582.50,4372.50
2026-03-05 15:07:05,,EXIT,,,,4372.50,0.00,4372.50
2026-03-05 15:08:05,,FLAT,,,,4372.50,0.00,4372.50
2026-03-05 15:09:05,,FLAT,,,,4372.50,0.00,4372.50
2026-03-05 15:10:05,,FLAT,,,,4372.50,0.00,4372.50
2026-03-05 15:11:05,,FLAT,,,,4372.50,0.00,4372.50
2026-03-05 15:12:05,,FLAT,,,,4372.50,0.00,4372.50
2026-03-05 15:13:05,,FLAT,,,,4372.50,0.00,4372.50
2026-03-05 15:14:05,,FLAT,,,,4372.50,0.00,4372.50
2026-03-05 15:15:05,,FLAT,,,,4372.50,0.00,4372.50
2026-03-05 15:16:05,,FLAT,,,,4372.50,0.00,4372.50
2026-03-05 15:17:05,,FLAT,,,,4372.50,0.00,4372.50
2026-03-05 15:18:05,,FLAT,,,,4372.50,0.00,4372.50
2026-03-05 15:19:05,,FLAT,,,,4372.50,0.00,4372.50
2026-03-05 15:20:05,,FLAT,,,,4372.50,0.00,4372.50
2026-03-05 15:21:05,,FLAT,,,,4372.50,0.00,4372.50
2026-03-05 15:22:05,,FLAT,,,,4372.50,0.00,4372.50
2026-03-05 15:23:05,,FLAT,,,,4372.50,0.00,4372.50
2026-03-05 15:24:05,,FLAT,,,,4372.50,0.00,4372.50
2026-03-05 15:25:05,,FLAT,,,,4372.50,0.00,4372.50
2026-03-05 15:26:05,,FLAT,,,,4372.50,0.00,4372.50
2026-03-05 15:27:05,,FLAT,,,,4372.50,0.00,4372.50
2026-03-05 15:28:05,,FLAT,,,,4372.50,0.00,4372.50
2026-03-05 15:29:05,,FLAT,,,,4372.50,0.00,4372.50
2026-03-05 15:30:05,,FLAT,,,,4372.50,0.00,4372.50
2026-03-06 09:15:05,,FLAT,,,,4372.50,0.00,4372.50
2026-03-06 09:16:05,,FLAT,,,,4372.50,0.00,4372.50
2026-03-06 09:17:05,,FLAT,,,,4372.50,0.00,4372.50
2026-03-06 09:18:05,,FLAT,,,,4372.50,0.00,4372.50
2026-03-06 09:19:05,,FLAT,,,,4372.50,0.00,4372.50
2026-03-06 09:20:05,,FLAT,,,,4372.50,0.00,4372.50
2026-03-06 09:21:05,,FLAT,,,,4372.50,0.00,4372.50
2026-03-06 09:22:05,,FLAT,,,,4372.50,0.00,4372.50
2026-03-06 09:23:05,,FLAT,,,,4372.50,0.00,4372.50
2026-03-06 09:24:05,,FLAT,,,,4372.50,0.00,4372.50
2026-03-06 09:25:05,,FLAT,,,,4372.50,0.00,4372.50
2026-03-06 09:26:05,,FLAT,,,,4372.50,0.00,4372.50
2026-03-06 09:27:05,,FLAT,,,,4372.50,0.00,4372.50
2026-03-06 09:28:05,,FLAT,,,,4372.50,0.00,4372.50
2026-03-06 09:29:05,,FLAT,,,,4372.50,0.00,4372.50
2026-03-06 09:30:05,,FLAT,,,,4372.50,0.00,4372.50
2026-03-06 09:31:05,,FLAT,,,,4372.50,0.00,4372.50
2026-03-06 09:32:05,,FLAT,,,,4372.50,0.00,4372.50
2026-03-06 09:33:05,,FLAT,,,,4372.50,0.00,4372.50
2026-03-06 09:34:06,20260306_093406,ENTRY,SELL_PE,24650,2026-03-10,4372.50,0.00,4372.50
2026-03-06 09:35:05,20260306_093406,OPEN,SELL_PE,24650,2026-03-10,4372.50,-367.50,4005.00
2026-03-06 09:36:05,20260306_093406,OPEN,SELL_PE,24650,2026-03-10,4372.50,-282.50,4090.00
2026-03-06 09:37:05,20260306_093406,OPEN,SELL_PE,24650,2026-03-10,4372.50,-15.00,4357.50
2026-03-06 09:38:05,20260306_093406,OPEN,SELL_PE,24650,2026-03-10,4372.50,210.00,4582.50
2026-03-06 09:39:05,20260306_093406,OPEN,SELL_PE,24650,2026-03-10,4372.50,-72.50,4300.00
2026-03-06 09:40:05,20260306_093406,OPEN,SELL_PE,24650,2026-03-10,4372.50,-267.50,4105.00
2026-03-06 09:41:05,20260306_093406,OPEN,SELL_PE,24650,2026-03-10,4372.50,-372.50,4000.00
2026-03-06 09:42:05,20260306_093406,OPEN,SELL_PE,24650,2026-03-10,4372.50,15.00,4387.50
2026-03-06 09:43:05,20260306_093406,OPEN,SELL_PE,24650,2026-03-10,4372.50,125.00,4497.50
2026-03-06 09:44:05,20260306_093406,OPEN,SELL_PE,24650,2026-03-10,4372.50,182.50,4555.00
2026-03-06 09:45:05,20260306_093406,OPEN,SELL_PE,24650,2026-03-10,4372.50,187.50,4560.00
2026-03-06 09:46:05,20260306_093406,OPEN,SELL_PE,24650,2026-03-10,4372.50,280.00,4652.50
2026-03-06 09:47:05,20260306_093406,OPEN,SELL_PE,24650,2026-03-10,4372.50,15.00,4387.50
2026-03-06 09:48:05,20260306_093406,OPEN,SELL_PE,24650,2026-03-10,4372.50,245.00,4617.50
2026-03-06 09:49:05,20260306_093406,OPEN,SELL_PE,24650,2026-03-10,4372.50,47.50,4420.00
2026-03-06 09:50:05,20260306_093406,OPEN,SELL_PE,24650,2026-03-10,4372.50,-105.00,4267.50
2026-03-06 09:51:05,20260306_093406,OPEN,SELL_PE,24650,2026-03-10,4372.50,-257.50,4115.00
2026-03-06 09:52:05,20260306_093406,OPEN,SELL_PE,24650,2026-03-10,4372.50,-217.50,4155.00
2026-03-06 09:53:05,20260306_093406,OPEN,SELL_PE,24650,2026-03-10,4372.50,-270.00,4102.50
2026-03-06 09:54:05,20260306_093406,OPEN,SELL_PE,24650,2026-03-10,4372.50,-390.00,3982.50
2026-03-06 09:55:05,20260306_093406,OPEN,SELL_PE,24650,2026-03-10,4372.50,-327.50,4045.00
2026-03-06 09:56:05,20260306_093406,OPEN,SELL_PE,24650,2026-03-10,4372.50,-390.00,3982.50
2026-03-06 09:57:05,20260306_093406,OPEN,SELL_PE,24650,2026-03-10,4372.50,-552.50,3820.00
2026-03-06 09:58:05,,EXIT,,,,3820.00,0.00,3820.00
2026-03-06 09:59:05,,FLAT,,,,3820.00,0.00,3820.00
2026-03-06 10:00:05,,FLAT,,,,3820.00,0.00,3820.00
2026-03-06 10:01:05,,FLAT,,,,3820.00,0.00,3820.00
2026-03-06 10:02:05,,FLAT,,,,3820.00,0.00,3820.00
2026-03-06 10:03:05,,FLAT,,,,3820.00,0.00,3820.00
2026-03-06 10:04:05,,FLAT,,,,3820.00,0.00,3820.00
2026-03-06 10:05:05,,FLAT,,,,3820.00,0.00,3820.00
2026-03-06 10:06:05,,FLAT,,,,3820.00,0.00,3820.00
2026-03-06 10:07:05,,FLAT,,,,3820.00,0.00,3820.00
2026-03-06 10:08:05,,FLAT,,,,3820.00,0.00,3820.00
2026-03-06 10:09:05,,FLAT,,,,3820.00,0.00,3820.00
2026-03-06 10:10:05,,FLAT,,,,3820.00,0.00,3820.00
2026-03-06 10:11:05,,FLAT,,,,3820.00,0.00,3820.00
2026-03-06 10:12:05,20260306_101205,ENTRY,SELL_PE,24650,2026-03-10,3820.00,0.00,3820.00
2026-03-06 10:13:05,20260306_101205,OPEN,SELL_PE,24650,2026-03-10,3820.00,-52.50,3767.50
2026-03-06 10:14:05,20260306_101205,OPEN,SELL_PE,24650,2026-03-10,3820.00,95.00,3915.00
2026-03-06 10:15:05,20260306_101205,OPEN,SELL_PE,24650,2026-03-10,3820.00,-50.00,3770.00
2026-03-06 10:16:05,20260306_101205,OPEN,SELL_PE,24650,2026-03-10,3820.00,295.00,4115.00
2026-03-06 10:17:05,20260306_101205,OPEN,SELL_PE,24650,2026-03-10,3820.00,267.50,4087.50
2026-03-06 10:18:05,20260306_101205,OPEN,SELL_PE,24650,2026-03-10,3820.00,312.50,4132.50
2026-03-06 10:19:05,20260306_101205,OPEN,SELL_PE,24650,2026-03-10,3820.00,370.00,4190.00
2026-03-06 10:20:05,20260306_101205,OPEN,SELL_PE,24650,2026-03-10,3820.00,232.50,4052.50
2026-03-06 10:21:05,20260306_101205,OPEN,SELL_PE,24650,2026-03-10,3820.00,205.00,4025.00
2026-03-06 10:22:05,20260306_101205,OPEN,SELL_PE,24650,2026-03-10,3820.00,65.00,3885.00
2026-03-06 10:23:05,20260306_101205,OPEN,SELL_PE,24650,2026-03-10,3820.00,190.00,4010.00
2026-03-06 10:24:05,20260306_101205,OPEN,SELL_PE,24650,2026-03-10,3820.00,285.00,4105.00
2026-03-06 10:25:05,20260306_101205,OPEN,SELL_PE,24650,2026-03-10,3820.00,277.50,4097.50
2026-03-06 10:26:05,20260306_101205,OPEN,SELL_PE,24650,2026-03-10,3820.00,350.00,4170.00
2026-03-06 10:27:05,20260306_101205,OPEN,SELL_PE,24650,2026-03-10,3820.00,-57.50,3762.50
2026-03-06 10:28:05,20260306_101205,OPEN,SELL_PE,24650,2026-03-10,3820.00,-60.00,3760.00
2026-03-06 10:29:05,20260306_101205,OPEN,SELL_PE,24650,2026-03-10,3820.00,-197.50,3622.50
2026-03-06 10:30:05,20260306_101205,OPEN,SELL_PE,24650,2026-03-10,3820.00,-145.00,3675.00
2026-03-06 10:31:05,20260306_101205,OPEN,SELL_PE,24650,2026-03-10,3820.00,-380.00,3440.00
2026-03-06 10:32:05,20260306_101205,OPEN,SELL_PE,24650,2026-03-10,3820.00,-362.50,3457.50
2026-03-06 10:33:05,,EXIT,,,,3457.50,0.00,3457.50
2026-03-06 10:34:05,,FLAT,,,,3457.50,0.00,3457.50
2026-03-06 10:35:05,,FLAT,,,,3457.50,0.00,3457.50
2026-03-06 10:36:05,,FLAT,,,,3457.50,0.00,3457.50
2026-03-06 10:37:05,,FLAT,,,,3457.50,0.00,3457.50
2026-03-06 10:38:05,,FLAT,,,,3457.50,0.00,3457.50
2026-03-06 10:39:05,,FLAT,,,,3457.50,0.00,3457.50
2026-03-06 10:40:05,,FLAT,,,,3457.50,0.00,3457.50
2026-03-06 10:41:05,,FLAT,,,,3457.50,0.00,3457.50
2026-03-06 10:42:05,,FLAT,,,,3457.50,0.00,3457.50
2026-03-06 10:43:05,,FLAT,,,,3457.50,0.00,3457.50
2026-03-06 10:44:05,,FLAT,,,,3457.50,0.00,3457.50
2026-03-06 10:45:05,,FLAT,,,,3457.50,0.00,3457.50
2026-03-06 10:46:05,,FLAT,,,,3457.50,0.00,3457.50
2026-03-06 10:47:05,,FLAT,,,,3457.50,0.00,3457.50
2026-03-06 10:48:05,,FLAT,,,,3457.50,0.00,3457.50
2026-03-06 10:49:05,,FLAT,,,,3457.50,0.00,3457.50
2026-03-06 10:50:05,,FLAT,,,,3457.50,0.00,3457.50
2026-03-06 10:51:05,,FLAT,,,,3457.50,0.00,3457.50
2026-03-06 10:52:05,,FLAT,,,,3457.50,0.00,3457.50
2026-03-06 10:53:05,,FLAT,,,,3457.50,0.00,3457.50
2026-03-06 10:54:05,,FLAT,,,,3457.50,0.00,3457.50
2026-03-06 10:55:05,,FLAT,,,,3457.50,0.00,3457.50
2026-03-06 10:56:05,,FLAT,,,,3457.50,0.00,3457.50
2026-03-06 10:57:05,,FLAT,,,,3457.50,0.00,3457.50
2026-03-06 10:58:05,,FLAT,,,,3457.50,0.00,3457.50
2026-03-06 10:59:05,,FLAT,,,,3457.50,0.00,3457.50
2026-03-06 11:00:05,,FLAT,,,,3457.50,0.00,3457.50
2026-03-06 11:01:05,,FLAT,,,,3457.50,0.00,3457.50
2026-03-06 11:02:05,,FLAT,,,,3457.50,0.00,3457.50
2026-03-06 11:03:05,,FLAT,,,,3457.50,0.00,3457.50
2026-03-06 11:04:05,,FLAT,,,,3457.50,0.00,3457.50
2026-03-06 11:05:05,20260306_110505,ENTRY,SELL_PE,24650,2026-03-10,3457.50,0.00,3457.50
2026-03-06 11:06:05,20260306_110505,OPEN,SELL_PE,24650,2026-03-10,3457.50,122.50,3580.00
2026-03-06 11:07:05,20260306_110505,OPEN,SELL_PE,24650,2026-03-10,3457.50,42.50,3500.00
2026-03-06 11:08:05,20260306_110505,OPEN,SELL_PE,24650,2026-03-10,3457.50,122.50,3580.00
2026-03-06 11:09:05,20260306_110505,OPEN,SELL_PE,24650,2026-03-10,3457.50,-202.50,3255.00
2026-03-06 11:10:05,20260306_110505,OPEN,SELL_PE,24650,2026-03-10,3457.50,-37.50,3420.00
2026-03-06 11:11:05,20260306_110505,OPEN,SELL_PE,24650,2026-03-10,3457.50,-125.00,3332.50
2026-03-06 11:12:05,20260306_110505,OPEN,SELL_PE,24650,2026-03-10,3457.50,-400.00,3057.50
2026-03-06 11:13:05,20260306_110505,OPEN,SELL_PE,24650,2026-03-10,3457.50,-370.00,3087.50
2026-03-06 11:14:05,20260306_110505,OPEN,SELL_PE,24650,2026-03-10,3457.50,-350.00,3107.50
2026-03-06 11:15:05,20260306_110505,OPEN,SELL_PE,24650,2026-03-10,3457.50,-317.50,3140.00
2026-03-06 11:16:05,20260306_110505,OPEN,SELL_PE,24650,2026-03-10,3457.50,-530.00,2927.50
2026-03-06 11:17:05,20260306_110505,OPEN,SELL_PE,24650,2026-03-10,3457.50,-625.00,2832.50
2026-03-06 11:18:05,20260306_110505,OPEN,SELL_PE,24650,2026-03-10,3457.50,-617.50,2840.00
2026-03-06 11:19:05,,EXIT,,,,2840.00,0.00,2840.00
2026-03-06 11:20:05,,FLAT,,,,2840.00,0.00,2840.00
2026-03-06 11:21:05,,FLAT,,,,2840.00,0.00,2840.00
2026-03-06 11:22:05,,FLAT,,,,2840.00,0.00,2840.00
2026-03-06 11:23:05,,FLAT,,,,2840.00,0.00,2840.00
2026-03-06 11:24:05,,FLAT,,,,2840.00,0.00,2840.00
2026-03-06 11:25:05,,FLAT,,,,2840.00,0.00,2840.00
2026-03-06 11:26:05,,FLAT,,,,2840.00,0.00,2840.00
2026-03-06 11:27:05,,FLAT,,,,2840.00,0.00,2840.00
2026-03-06 11:28:05,,FLAT,,,,2840.00,0.00,2840.00
2026-03-06 11:29:05,,FLAT,,,,2840.00,0.00,2840.00
2026-03-06 11:30:05,,FLAT,,,,2840.00,0.00,2840.00
2026-03-06 11:31:05,,FLAT,,,,2840.00,0.00,2840.00
2026-03-06 11:32:05,,FLAT,,,,2840.00,0.00,2840.00
2026-03-06 11:33:05,,FLAT,,,,2840.00,0.00,2840.00
2026-03-06 11:34:05,,FLAT,,,,2840.00,0.00,2840.00
2026-03-06 11:35:05,,FLAT,,,,2840.00,0.00,2840.00
2026-03-06 11:36:05,,FLAT,,,,2840.00,0.00,2840.00
2026-03-06 11:37:05,,FLAT,,,,2840.00,0.00,2840.00
2026-03-06 11:38:05,,FLAT,,,,2840.00,0.00,2840.00
2026-03-06 11:39:05,,FLAT,,,,2840.00,0.00,2840.00
2026-03-06 11:40:05,20260306_114005,ENTRY,SELL_PE,24650,2026-03-10,2840.00,0.00,2840.00
2026-03-06 11:41:05,20260306_114005,OPEN,SELL_PE,24650,2026-03-10,2840.00,235.00,3075.00
2026-03-06 11:42:05,20260306_114005,OPEN,SELL_PE,24650,2026-03-10,2840.00,145.00,2985.00
2026-03-06 11:43:05,20260306_114005,OPEN,SELL_PE,24650,2026-03-10,2840.00,0.00,2840.00
2026-03-06 11:44:05,20260306_114005,OPEN,SELL_PE,24650,2026-03-10,2840.00,-260.00,2580.00
2026-03-06 11:45:05,20260306_114005,OPEN,SELL_PE,24650,2026-03-10,2840.00,-500.00,2340.00
2026-03-06 11:46:05,20260306_114005,OPEN,SELL_PE,24650,2026-03-10,2840.00,-322.50,2517.50
2026-03-06 11:47:05,20260306_114005,OPEN,SELL_PE,24650,2026-03-10,2840.00,-372.50,2467.50
2026-03-06 11:48:05,20260306_114005,OPEN,SELL_PE,24650,2026-03-10,2840.00,-222.50,2617.50
2026-03-06 11:49:05,20260306_114005,OPEN,SELL_PE,24650,2026-03-10,2840.00,-307.50,2532.50
2026-03-06 11:50:05,20260306_114005,OPEN,SELL_PE,24650,2026-03-10,2840.00,-102.50,2737.50
2026-03-06 11:51:05,20260306_114005,OPEN,SELL_PE,24650,2026-03-10,2840.00,-227.50,2612.50
2026-03-06 11:52:05,,EXIT,,,,2612.50,0.00,2612.50
2026-03-06 11:53:05,,FLAT,,,,2612.50,0.00,2612.50
2026-03-06 11:54:05,,FLAT,,,,2612.50,0.00,2612.50
2026-03-06 11:55:05,,FLAT,,,,2612.50,0.00,2612.50
2026-03-06 11:56:05,,FLAT,,,,2612.50,0.00,2612.50
2026-03-06 11:57:05,,FLAT,,,,2612.50,0.00,2612.50
2026-03-06 11:58:05,,FLAT,,,,2612.50,0.00,2612.50
2026-03-06 11:59:05,,FLAT,,,,2612.50,0.00,2612.50
2026-03-06 12:00:05,,FLAT,,,,2612.50,0.00,2612.50
2026-03-06 12:01:05,,FLAT,,,,2612.50,0.00,2612.50
2026-03-06 12:02:05,,FLAT,,,,2612.50,0.00,2612.50
2026-03-06 12:03:05,,FLAT,,,,2612.50,0.00,2612.50
2026-03-06 12:04:05,,FLAT,,,,2612.50,0.00,2612.50
2026-03-06 12:05:05,20260306_120505,ENTRY,SELL_CE,24600,2026-03-10,2612.50,0.00,2612.50
2026-03-06 12:06:05,20260306_120505,OPEN,SELL_CE,24600,2026-03-10,2612.50,-42.50,2570.00
2026-03-06 12:07:05,20260306_120505,OPEN,SELL_CE,24600,2026-03-10,2612.50,-140.00,2472.50
2026-03-06 12:08:05,20260306_120505,OPEN,SELL_CE,24600,2026-03-10,2612.50,-237.50,2375.00
2026-03-06 12:09:05,20260306_120505,OPEN,SELL_CE,24600,2026-03-10,2612.50,-547.50,2065.00
2026-03-06 12:10:05,20260306_120505,OPEN,SELL_CE,24600,2026-03-10,2612.50,-547.50,2065.00
2026-03-06 12:11:05,20260306_120505,OPEN,SELL_CE,24600,2026-03-10,2612.50,-315.00,2297.50
2026-03-06 12:12:05,20260306_120505,OPEN,SELL_CE,24600,2026-03-10,2612.50,-435.00,2177.50
2026-03-06 12:13:05,20260306_120505,OPEN,SELL_CE,24600,2026-03-10,2612.50,-177.50,2435.00
2026-03-06 12:14:05,20260306_120505,OPEN,SELL_CE,24600,2026-03-10,2612.50,-182.50,2430.00
2026-03-06 12:15:05,20260306_120505,OPEN,SELL_CE,24600,2026-03-10,2612.50,-150.00,2462.50
2026-03-06 12:16:05,20260306_120505,OPEN,SELL_CE,24600,2026-03-10,2612.50,-115.00,2497.50
2026-03-06 12:17:05,20260306_120505,OPEN,SELL_CE,24600,2026-03-10,2612.50,-272.50,2340.00
2026-03-06 12:18:05,20260306_120505,OPEN,SELL_CE,24600,2026-03-10,2612.50,-135.00,2477.50
2026-03-06 12:19:05,20260306_120505,OPEN,SELL_CE,24600,2026-03-10,2612.50,-342.50,2270.00
2026-03-06 12:20:05,20260306_120505,OPEN,SELL_CE,24600,2026-03-10,2612.50,-142.50,2470.00
2026-03-06 12:21:05,,EXIT,,,,2470.00,0.00,2470.00
2026-03-06 12:22:05,,FLAT,,,,2470.00,0.00,2470.00
2026-03-06 12:23:05,,FLAT,,,,2470.00,0.00,2470.00
2026-03-06 12:24:05,,FLAT,,,,2470.00,0.00,2470.00
2026-03-06 12:25:05,,FLAT,,,,2470.00,0.00,2470.00
2026-03-06 12:26:05,,FLAT,,,,2470.00,0.00,2470.00
2026-03-06 12:27:05,,FLAT,,,,2470.00,0.00,2470.00
2026-03-06 12:28:05,,FLAT,,,,2470.00,0.00,2470.00
2026-03-06 12:29:05,,FLAT,,,,2470.00,0.00,2470.00
2026-03-06 12:30:05,20260306_123005,ENTRY,SELL_CE,24600,2026-03-10,2470.00,0.00,2470.00
2026-03-06 12:31:05,20260306_123005,OPEN,SELL_CE,24600,2026-03-10,2470.00,-282.50,2187.50
2026-03-06 12:32:05,20260306_123005,OPEN,SELL_CE,24600,2026-03-10,2470.00,-172.50,2297.50
2026-03-06 12:33:05,20260306_123005,OPEN,SELL_CE,24600,2026-03-10,2470.00,-67.50,2402.50
2026-03-06 12:34:05,20260306_123005,OPEN,SELL_CE,24600,2026-03-10,2470.00,-212.50,2257.50
2026-03-06 12:35:05,20260306_123005,OPEN,SELL_CE,24600,2026-03-10,2470.00,-322.50,2147.50
2026-03-06 12:36:05,20260306_123005,OPEN,SELL_CE,24600,2026-03-10,2470.00,-270.00,2200.00
2026-03-06 12:37:05,20260306_123005,OPEN,SELL_CE,24600,2026-03-10,2470.00,-262.50,2207.50
2026-03-06 12:38:05,20260306_123005,OPEN,SELL_CE,24600,2026-03-10,2470.00,-197.50,2272.50
2026-03-06 12:39:05,20260306_123005,OPEN,SELL_CE,24600,2026-03-10,2470.00,-252.50,2217.50
2026-03-06 12:40:05,20260306_123005,OPEN,SELL_CE,24600,2026-03-10,2470.00,-120.00,2350.00
2026-03-06 12:41:05,20260306_123005,OPEN,SELL_CE,24600,2026-03-10,2470.00,-67.50,2402.50
2026-03-06 12:42:05,20260306_123005,OPEN,SELL_CE,24600,2026-03-10,2470.00,-175.00,2295.00
2026-03-06 12:43:05,20260306_123005,OPEN,SELL_CE,24600,2026-03-10,2470.00,-257.50,2212.50
2026-03-06 12:44:05,20260306_123005,OPEN,SELL_CE,24600,2026-03-10,2470.00,-127.50,2342.50
2026-03-06 12:45:05,20260306_123005,OPEN,SELL_CE,24600,2026-03-10,2470.00,-347.50,2122.50
2026-03-06 12:46:05,20260306_123005,OPEN,SELL_CE,24600,2026-03-10,2470.00,-260.00,2210.00
2026-03-06 12:47:05,20260306_123005,OPEN,SELL_CE,24600,2026-03-10,2470.00,-92.50,2377.50
2026-03-06 12:48:05,20260306_123005,OPEN,SELL_CE,24600,2026-03-10,2470.00,-227.50,2242.50
2026-03-06 12:49:05,20260306_123005,OPEN,SELL_CE,24600,2026-03-10,2470.00,-222.50,2247.50
2026-03-06 12:50:05,20260306_123005,OPEN,SELL_CE,24600,2026-03-10,2470.00,-240.00,2230.00
2026-03-06 12:51:05,20260306_123005,OPEN,SELL_CE,24600,2026-03-10,2470.00,-375.00,2095.00
2026-03-06 12:52:05,20260306_123005,OPEN,SELL_CE,24600,2026-03-10,2470.00,-572.50,1897.50
2026-03-06 12:53:05,20260306_123005,OPEN,SELL_CE,24600,2026-03-10,2470.00,-517.50,1952.50
2026-03-06 12:54:05,,EXIT,,,,1952.50,0.00,1952.50
2026-03-06 12:55:05,,FLAT,,,,1952.50,0.00,1952.50
2026-03-06 12:56:05,,FLAT,,,,1952.50,0.00,1952.50
2026-03-06 12:57:05,,FLAT,,,,1952.50,0.00,1952.50
2026-03-06 12:58:05,,FLAT,,,,1952.50,0.00,1952.50
2026-03-06 12:59:05,,FLAT,,,,1952.50,0.00,1952.50
2026-03-06 13:00:05,,FLAT,,,,1952.50,0.00,1952.50
2026-03-06 13:01:05,,FLAT,,,,1952.50,0.00,1952.50
2026-03-06 13:02:05,,FLAT,,,,1952.50,0.00,1952.50
2026-03-06 13:03:05,,FLAT,,,,1952.50,0.00,1952.50
2026-03-06 13:04:05,,FLAT,,,,1952.50,0.00,1952.50
2026-03-06 13:05:05,,FLAT,,,,1952.50,0.00,1952.50
2026-03-06 13:06:05,,FLAT,,,,1952.50,0.00,1952.50
2026-03-06 13:07:05,,FLAT,,,,1952.50,0.00,1952.50
2026-03-06 13:08:05,,FLAT,,,,1952.50,0.00,1952.50
2026-03-06 13:09:05,,FLAT,,,,1952.50,0.00,1952.50
2026-03-06 13:10:05,,FLAT,,,,1952.50,0.00,1952.50
2026-03-06 13:11:05,,FLAT,,,,1952.50,0.00,1952.50
2026-03-06 13:12:05,,FLAT,,,,1952.50,0.00,1952.50
2026-03-06 13:13:05,,FLAT,,,,1952.50,0.00,1952.50
2026-03-06 13:14:05,20260306_131405,ENTRY,SELL_STRADDLE,24600,2026-03-10,1952.50,0.00,1952.50
2026-03-06 13:15:05,20260306_131405,OPEN,SELL_STRADDLE,24600,2026-03-10,1952.50,72.50,2025.00
2026-03-06 13:16:05,20260306_131405,OPEN,SELL_STRADDLE,24600,2026-03-10,1952.50,57.50,2010.00
2026-03-06 13:17:05,20260306_131405,OPEN,SELL_STRADDLE,24600,2026-03-10,1952.50,110.00,2062.50
2026-03-06 13:18:05,20260306_131405,OPEN,SELL_STRADDLE,24600,2026-03-10,1952.50,15.00,1967.50
2026-03-06 13:19:05,20260306_131405,OPEN,SELL_STRADDLE,24600,2026-03-10,1952.50,57.50,2010.00
2026-03-06 13:20:05,20260306_131405,OPEN,SELL_STRADDLE,24600,2026-03-10,1952.50,135.00,2087.50
2026-03-06 13:21:05,20260306_131405,OPEN,SELL_STRADDLE,24600,2026-03-10,1952.50,137.50,2090.00
2026-03-06 13:22:05,20260306_131405,OPEN,SELL_STRADDLE,24600,2026-03-10,1952.50,250.00,2202.50
2026-03-06 13:23:05,20260306_131405,OPEN,SELL_STRADDLE,24600,2026-03-10,1952.50,145.00,2097.50
2026-03-06 13:24:05,20260306_131405,OPEN,SELL_STRADDLE,24600,2026-03-10,1952.50,65.00,2017.50
2026-03-06 13:25:05,20260306_131405,OPEN,SELL_STRADDLE,24600,2026-03-10,1952.50,82.50,2035.00
2026-03-06 13:26:05,20260306_131405,OPEN,SELL_STRADDLE,24600,2026-03-10,1952.50,102.50,2055.00
2026-03-06 13:27:05,20260306_131405,OPEN,SELL_STRADDLE,24600,2026-03-10,1952.50,72.50,2025.00
2026-03-06 13:28:05,20260306_131405,OPEN,SELL_STRADDLE,24600,2026-03-10,1952.50,60.00,2012.50
2026-03-06 13:29:05,20260306_131405,OPEN,SELL_STRADDLE,24600,2026-03-10,1952.50,77.50,2030.00
2026-03-06 13:30:05,20260306_131405,OPEN,SELL_STRADDLE,24600,2026-03-10,1952.50,62.50,2015.00
2026-03-06 13:31:05,20260306_131405,OPEN,SELL_STRADDLE,24600,2026-03-10,1952.50,62.50,2015.00
2026-03-06 13:32:05,20260306_131405,OPEN,SELL_STRADDLE,24600,2026-03-10,1952.50,-20.00,1932.50
2026-03-06 13:33:05,20260306_131405,OPEN,SELL_STRADDLE,24600,2026-03-10,1952.50,-140.00,1812.50
2026-03-06 13:34:05,20260306_131405,OPEN,SELL_STRADDLE,24600,2026-03-10,1952.50,-162.50,1790.00
2026-03-06 13:35:05,20260306_131405,OPEN,SELL_STRADDLE,24600,2026-03-10,1952.50,-417.50,1535.00
2026-03-06 13:36:05,20260306_131405,OPEN,SELL_STRADDLE,24600,2026-03-10,1952.50,-405.00,1547.50
2026-03-06 13:37:05,20260306_131405,OPEN,SELL_STRADDLE,24600,2026-03-10,1952.50,-117.50,1835.00
2026-03-06 13:38:05,20260306_131405,OPEN,SELL_STRADDLE,24600,2026-03-10,1952.50,-200.00,1752.50
2026-03-06 13:39:05,20260306_131405,OPEN,SELL_STRADDLE,24600,2026-03-10,1952.50,100.00,2052.50
2026-03-06 13:40:05,20260306_131405,OPEN,SELL_STRADDLE,24600,2026-03-10,1952.50,-82.50,1870.00
2026-03-06 13:41:05,20260306_131405,OPEN,SELL_STRADDLE,24600,2026-03-10,1952.50,-142.50,1810.00
2026-03-06 13:42:05,20260306_131405,OPEN,SELL_STRADDLE,24600,2026-03-10,1952.50,-180.00,1772.50
2026-03-06 13:43:05,20260306_131405,OPEN,SELL_STRADDLE,24600,2026-03-10,1952.50,-167.50,1785.00
2026-03-06 13:44:05,20260306_131405,OPEN,SELL_STRADDLE,24600,2026-03-10,1952.50,-107.50,1845.00
2026-03-06 13:45:05,20260306_131405,OPEN,SELL_STRADDLE,24600,2026-03-10,1952.50,-160.00,1792.50
2026-03-06 13:46:05,20260306_131405,OPEN,SELL_STRADDLE,24600,2026-03-10,1952.50,-240.00,1712.50
2026-03-06 13:47:05,20260306_131405,OPEN,SELL_STRADDLE,24600,2026-03-10,1952.50,-252.50,1700.00
2026-03-06 13:48:05,20260306_131405,OPEN,SELL_STRADDLE,24600,2026-03-10,1952.50,-447.50,1505.00
2026-03-06 13:49:05,20260306_131405,OPEN,SELL_STRADDLE,24600,2026-03-10,1952.50,-445.00,1507.50
2026-03-06 13:50:05,20260306_131405,OPEN,SELL_STRADDLE,24600,2026-03-10,1952.50,-462.50,1490.00
2026-03-06 13:51:05,20260306_131405,OPEN,SELL_STRADDLE,24600,2026-03-10,1952.50,-320.00,1632.50
2026-03-06 13:52:05,20260306_131405,OPEN,SELL_STRADDLE,24600,2026-03-10,1952.50,-375.00,1577.50
2026-03-06 13:53:05,20260306_131405,OPEN,SELL_STRADDLE,24600,2026-03-10,1952.50,-525.00,1427.50
2026-03-06 13:54:05,,EXIT,,,,1427.50,0.00,1427.50
2026-03-06 13:55:05,,FLAT,,,,1427.50,0.00,1427.50
2026-03-06 13:56:05,,FLAT,,,,1427.50,0.00,1427.50
2026-03-06 13:57:05,,FLAT,,,,1427.50,0.00,1427.50
2026-03-06 13:58:05,,FLAT,,,,1427.50,0.00,1427.50
2026-03-06 13:59:05,,FLAT,,,,1427.50,0.00,1427.50
2026-03-06 14:00:05,,FLAT,,,,1427.50,0.00,1427.50
2026-03-06 14:01:05,,FLAT,,,,1427.50,0.00,1427.50
2026-03-06 14:02:05,,FLAT,,,,1427.50,0.00,1427.50
2026-03-06 14:03:05,,FLAT,,,,1427.50,0.00,1427.50
2026-03-06 14:04:05,,FLAT,,,,1427.50,0.00,1427.50
2026-03-06 14:05:05,,FLAT,,,,1427.50,0.00,1427.50
2026-03-06 14:06:05,,FLAT,,,,1427.50,0.00,1427.50
2026-03-06 14:07:05,,FLAT,,,,1427.50,0.00,1427.50
2026-03-06 14:08:05,,FLAT,,,,1427.50,0.00,1427.50
2026-03-06 14:09:05,,FLAT,,,,1427.50,0.00,1427.50
2026-03-06 14:10:05,,FLAT,,,,1427.50,0.00,1427.50
2026-03-06 14:11:05,,FLAT,,,,1427.50,0.00,1427.50
2026-03-06 14:12:05,,FLAT,,,,1427.50,0.00,1427.50
2026-03-06 14:13:05,20260306_141305,ENTRY,SELL_PE,24600,2026-03-10,1427.50,0.00,1427.50
2026-03-06 14:14:05,20260306_141305,OPEN,SELL_PE,24600,2026-03-10,1427.50,137.50,1565.00
2026-03-06 14:15:05,20260306_141305,OPEN,SELL_PE,24600,2026-03-10,1427.50,-195.00,1232.50
2026-03-06 14:16:05,20260306_141305,OPEN,SELL_PE,24600,2026-03-10,1427.50,275.00,1702.50
2026-03-06 14:17:05,20260306_141305,OPEN,SELL_PE,24600,2026-03-10,1427.50,645.00,2072.50
2026-03-06 14:18:05,20260306_141305,OPEN,SELL_PE,24600,2026-03-10,1427.50,255.00,1682.50
2026-03-06 14:19:05,20260306_141305,OPEN,SELL_PE,24600,2026-03-10,1427.50,317.50,1745.00
2026-03-06 14:20:05,20260306_141305,OPEN,SELL_PE,24600,2026-03-10,1427.50,475.00,1902.50
2026-03-06 14:21:05,20260306_141305,OPEN,SELL_PE,24600,2026-03-10,1427.50,350.00,1777.50
2026-03-06 14:22:05,20260306_141305,OPEN,SELL_PE,24600,2026-03-10,1427.50,412.50,1840.00
2026-03-06 14:23:05,20260306_141305,OPEN,SELL_PE,24600,2026-03-10,1427.50,550.00,1977.50
2026-03-06 14:24:05,20260306_141305,OPEN,SELL_PE,24600,2026-03-10,1427.50,365.00,1792.50
2026-03-06 14:25:05,20260306_141305,OPEN,SELL_PE,24600,2026-03-10,1427.50,497.50,1925.00
2026-03-06 14:26:05,20260306_141305,OPEN,SELL_PE,24600,2026-03-10,1427.50,305.00,1732.50
2026-03-06 14:27:05,20260306_141305,OPEN,SELL_PE,24600,2026-03-10,1427.50,295.00,1722.50
2026-03-06 14:28:05,,EXIT,,,,1722.50,0.00,1722.50
2026-03-06 14:29:05,,FLAT,,,,1722.50,0.00,1722.50
2026-03-06 14:30:05,,FLAT,,,,1722.50,0.00,1722.50
2026-03-06 14:31:05,,FLAT,,,,1722.50,0.00,1722.50
2026-03-06 14:32:05,,FLAT,,,,1722.50,0.00,1722.50
2026-03-06 14:33:05,,FLAT,,,,1722.50,0.00,1722.50
2026-03-06 14:34:05,,FLAT,,,,1722.50,0.00,1722.50
2026-03-06 14:35:05,,FLAT,,,,1722.50,0.00,1722.50
2026-03-06 14:36:05,,FLAT,,,,1722.50,0.00,1722.50
2026-03-06 14:37:05,,FLAT,,,,1722.50,0.00,1722.50
2026-03-06 14:38:05,,FLAT,,,,1722.50,0.00,1722.50
2026-03-06 14:39:05,,FLAT,,,,1722.50,0.00,1722.50
2026-03-06 14:40:05,,FLAT,,,,1722.50,0.00,1722.50
2026-03-06 14:41:05,,FLAT,,,,1722.50,0.00,1722.50
2026-03-06 14:42:05,,FLAT,,,,1722.50,0.00,1722.50
2026-03-06 14:43:05,,FLAT,,,,1722.50,0.00,1722.50
2026-03-06 14:44:05,,FLAT,,,,1722.50,0.00,1722.50
2026-03-06 14:45:05,,FLAT,,,,1722.50,0.00,1722.50
2026-03-06 14:46:05,,FLAT,,,,1722.50,0.00,1722.50
2026-03-06 14:47:05,,FLAT,,,,1722.50,0.00,1722.50
2026-03-06 14:48:05,,FLAT,,,,1722.50,0.00,1722.50
2026-03-06 14:49:05,,FLAT,,,,1722.50,0.00,1722.50
2026-03-06 14:50:05,,FLAT,,,,1722.50,0.00,1722.50
2026-03-06 14:51:05,,FLAT,,,,1722.50,0.00,1722.50
2026-03-06 14:52:05,,FLAT,,,,1722.50,0.00,1722.50
2026-03-06 14:53:05,,FLAT,,,,1722.50,0.00,1722.50
2026-03-06 14:54:05,,FLAT,,,,1722.50,0.00,1722.50
2026-03-06 14:55:05,,FLAT,,,,1722.50,0.00,1722.50
2026-03-06 14:56:05,,FLAT,,,,1722.50,0.00,1722.50
2026-03-06 14:57:05,,FLAT,,,,1722.50,0.00,1722.50
2026-03-06 14:58:05,,FLAT,,,,1722.50,0.00,1722.50
2026-03-06 14:59:05,,FLAT,,,,1722.50,0.00,1722.50
2026-03-06 15:00:05,,FLAT,,,,1722.50,0.00,1722.50
2026-03-06 15:01:05,,FLAT,,,,1722.50,0.00,1722.50
2026-03-06 15:02:05,,FLAT,,,,1722.50,0.00,1722.50
2026-03-06 15:03:05,,FLAT,,,,1722.50,0.00,1722.50
2026-03-06 15:04:05,,FLAT,,,,1722.50,0.00,1722.50
2026-03-06 15:05:05,,FLAT,,,,1722.50,0.00,1722.50
2026-03-06 15:06:05,,FLAT,,,,1722.50,0.00,1722.50
2026-03-06 15:07:05,,FLAT,,,,1722.50,0.00,1722.50
2026-03-06 15:08:05,,FLAT,,,,1722.50,0.00,1722.50
2026-03-06 15:09:05,,FLAT,,,,1722.50,0.00,1722.50
2026-03-06 15:10:05,,FLAT,,,,1722.50,0.00,1722.50
2026-03-06 15:11:05,,FLAT,,,,1722.50,0.00,1722.50
2026-03-06 15:12:05,,FLAT,,,,1722.50,0.00,1722.50
2026-03-06 15:13:05,,FLAT,,,,1722.50,0.00,1722.50
2026-03-06 15:14:05,,FLAT,,,,1722.50,0.00,1722.50
2026-03-06 15:15:05,,FLAT,,,,1722.50,0.00,1722.50
2026-03-06 15:16:05,,FLAT,,,,1722.50,0.00,1722.50
2026-03-06 15:17:05,,FLAT,,,,1722.50,0.00,1722.50
2026-03-06 15:18:05,,FLAT,,,,1722.50,0.00,1722.50
2026-03-06 15:19:05,,FLAT,,,,1722.50,0.00,1722.50
2026-03-06 15:20:05,,FLAT,,,,1722.50,0.00,1722.50
2026-03-06 15:21:05,,FLAT,,,,1722.50,0.00,1722.50
2026-03-06 15:22:05,,FLAT,,,,1722.50,0.00,1722.50
2026-03-06 15:23:05,,FLAT,,,,1722.50,0.00,1722.50
2026-03-06 15:24:05,,FLAT,,,,1722.50,0.00,1722.50
2026-03-06 15:25:05,,FLAT,,,,1722.50,0.00,1722.50
2026-03-06 15:26:05,,FLAT,,,,1722.50,0.00,1722.50
2026-03-06 15:27:05,,FLAT,,,,1722.50,0.00,1722.50
2026-03-06 15:28:05,,FLAT,,,,1722.50,0.00,1722.50
2026-03-06 15:29:05,,FLAT,,,,1722.50,0.00,1722.50
2026-03-06 15:30:05,,FLAT,,,,1722.50,0.00,1722.50
